s,C,m,m,m,m
Time,"T_OCCUPANT","VIS_ALARM_1","VIS_ALARM_2","VIS_ALARM_3","VIS_ALARM_4"
 0.0000000E+000, 2.0000000E+001, 3.0000000E+001, 3.0000000E+001, 3.0000000E+001, 3.0000000E+001
 2.4070401E-001, 2.0000000E+001, 3.0000000E+001, 3.0000000E+001, 3.0000000E+001, 3.0000000E+001
 4.8140802E-001, 1.9999978E+001, 3.0000000E+001, 3.0000000E+001, 3.0000000E+001, 3.0000000E+001
 7.2211203E-001, 2.0000488E+001, 3.0000000E+001, 3.0000000E+001, 3.0000000E+001, 3.0000000E+001
 9.6281605E-001, 2.0001350E+001, 3.0000000E+001, 3.0000000E+001, 3.0000000E+001, 3.0000000E+001
 1.2035201E+000, 2.0003257E+001, 3.0000000E+001, 3.0000000E+001, 3.0000000E+001, 3.0000000E+001
 1.4442241E+000, 2.0004970E+001, 3.0000000E+001, 3.0000000E+001, 3.0000000E+001, 3.0000000E+001
 1.6849281E+000, 2.0008666E+001, 3.0000000E+001, 3.0000000E+001, 3.0000000E+001, 3.0000000E+001
 1.9256321E+000, 2.0010980E+001, 3.0000000E+001, 3.0000000E+001, 3.0000000E+001, 3.0000000E+001
 2.1663361E+000, 2.0014994E+001, 3.0000000E+001, 3.0000000E+001, 3.0000000E+001, 3.0000000E+001
 2.4070401E+000, 2.0017842E+001, 3.0000000E+001, 3.0000000E+001, 3.0000000E+001, 3.0000000E+001
 2.6477441E+000, 2.0021739E+001, 3.0000000E+001, 3.0000000E+001, 3.0000000E+001, 3.0000000E+001
 2.8884481E+000, 2.0025162E+001, 3.0000000E+001, 3.0000000E+001, 3.0000000E+001, 3.0000000E+001
 3.1291522E+000, 2.0029210E+001, 3.0000000E+001, 3.0000000E+001, 3.0000000E+001, 3.0000000E+001
 3.3698562E+000, 2.0033228E+001, 3.0000000E+001, 3.0000000E+001, 3.0000000E+001, 3.0000000E+001
 3.6105602E+000, 2.0037436E+001, 3.0000000E+001, 3.0000000E+001, 3.0000000E+001, 3.0000000E+001
 3.8512642E+000, 2.0041882E+001, 3.0000000E+001, 3.0000000E+001, 3.0000000E+001, 3.0000000E+001
 4.0919682E+000, 2.0046641E+001, 3.0000000E+001, 3.0000000E+001, 3.0000000E+001, 3.0000000E+001
 4.3326722E+000, 2.0051772E+001, 3.0000000E+001, 3.0000000E+001, 3.0000000E+001, 3.0000000E+001
 4.5733762E+000, 2.0057640E+001, 3.0000000E+001, 3.0000000E+001, 3.0000000E+001, 3.0000000E+001
 4.8140802E+000, 2.0064061E+001, 3.0000000E+001, 3.0000000E+001, 3.0000000E+001, 3.0000000E+001
 5.0547842E+000, 2.0071036E+001, 3.0000000E+001, 3.0000000E+001, 3.0000000E+001, 3.0000000E+001
 5.2484056E+000, 2.0077073E+001, 3.0000000E+001, 3.0000000E+001, 3.0000000E+001, 3.0000000E+001
 5.4420269E+000, 2.0082941E+001, 3.0000000E+001, 3.0000000E+001, 3.0000000E+001, 3.0000000E+001
 5.6356482E+000, 2.0088953E+001, 3.0000000E+001, 3.0000000E+001, 3.0000000E+001, 3.0000000E+001
 5.8292695E+000, 2.0095155E+001, 3.0000000E+001, 3.0000000E+001, 3.0000000E+001, 3.0000000E+001
 6.0228908E+000, 2.0101452E+001, 3.0000000E+001, 3.0000000E+001, 3.0000000E+001, 3.0000000E+001
 6.2165122E+000, 2.0107842E+001, 3.0000000E+001, 3.0000000E+001, 3.0000000E+001, 3.0000000E+001
 6.4101335E+000, 2.0114442E+001, 3.0000000E+001, 3.0000000E+001, 3.0000000E+001, 3.0000000E+001
 6.6037548E+000, 2.0121149E+001, 3.0000000E+001, 3.0000000E+001, 3.0000000E+001, 3.0000000E+001
 6.7973761E+000, 2.0128107E+001, 3.0000000E+001, 3.0000000E+001, 3.0000000E+001, 3.0000000E+001
 6.9909974E+000, 2.0135389E+001, 3.0000000E+001, 3.0000000E+001, 3.0000000E+001, 3.0000000E+001
 7.1846188E+000, 2.0142903E+001, 3.0000000E+001, 3.0000000E+001, 3.0000000E+001, 3.0000000E+001
 7.3782401E+000, 2.0150809E+001, 3.0000000E+001, 3.0000000E+001, 3.0000000E+001, 3.0000000E+001
 7.5718614E+000, 2.0159327E+001, 3.0000000E+001, 3.0000000E+001, 3.0000000E+001, 3.0000000E+001
 7.7654827E+000, 2.0168181E+001, 3.0000000E+001, 3.0000000E+001, 3.0000000E+001, 3.0000000E+001
 7.9591040E+000, 2.0177482E+001, 3.0000000E+001, 3.0000000E+001, 3.0000000E+001, 3.0000000E+001
 8.1527254E+000, 2.0186968E+001, 3.0000000E+001, 3.0000000E+001, 3.0000000E+001, 3.0000000E+001
 8.3463467E+000, 2.0196654E+001, 3.0000000E+001, 3.0000000E+001, 3.0000000E+001, 3.0000000E+001
 8.5399680E+000, 2.0206729E+001, 3.0000000E+001, 3.0000000E+001, 3.0000000E+001, 3.0000000E+001
 8.7056489E+000, 2.0215654E+001, 3.0000000E+001, 3.0000000E+001, 3.0000000E+001, 3.0000000E+001
 8.8713299E+000, 2.0224877E+001, 3.0000000E+001, 3.0000000E+001, 3.0000000E+001, 3.0000000E+001
 9.0370109E+000, 2.0233940E+001, 3.0000000E+001, 3.0000000E+001, 3.0000000E+001, 3.0000000E+001
 9.2026918E+000, 2.0243155E+001, 3.0000000E+001, 3.0000000E+001, 3.0000000E+001, 3.0000000E+001
 9.3452158E+000, 2.0251062E+001, 3.0000000E+001, 3.0000000E+001, 3.0000000E+001, 3.0000000E+001
 9.4877398E+000, 2.0259273E+001, 3.0000000E+001, 3.0000000E+001, 3.0000000E+001, 3.0000000E+001
 9.6302638E+000, 2.0267376E+001, 3.0000000E+001, 3.0000000E+001, 3.0000000E+001, 3.0000000E+001
 9.7727878E+000, 2.0275510E+001, 3.0000000E+001, 3.0000000E+001, 3.0000000E+001, 3.0000000E+001
 9.9153117E+000, 2.0283579E+001, 3.0000000E+001, 3.0000000E+001, 3.0000000E+001, 3.0000000E+001
 1.0043373E+001, 2.0291087E+001, 3.0000000E+001, 3.0000000E+001, 3.0000000E+001, 3.0000000E+001
 1.0157264E+001, 2.0297910E+001, 3.0000000E+001, 3.0000000E+001, 3.0000000E+001, 3.0000000E+001
 1.0271156E+001, 2.0304809E+001, 3.0000000E+001, 3.0000000E+001, 3.0000000E+001, 3.0000000E+001
 1.0385047E+001, 2.0311781E+001, 3.0000000E+001, 3.0000000E+001, 3.0000000E+001, 3.0000000E+001
 1.0498938E+001, 2.0318795E+001, 3.0000000E+001, 3.0000000E+001, 3.0000000E+001, 3.0000000E+001
 1.0612829E+001, 2.0325845E+001, 3.0000000E+001, 3.0000000E+001, 3.0000000E+001, 3.0000000E+001
 1.0726720E+001, 2.0332979E+001, 3.0000000E+001, 3.0000000E+001, 3.0000000E+001, 3.0000000E+001
 1.0840611E+001, 2.0340220E+001, 3.0000000E+001, 3.0000000E+001, 3.0000000E+001, 3.0000000E+001
 1.0954502E+001, 2.0347475E+001, 3.0000000E+001, 3.0000000E+001, 3.0000000E+001, 3.0000000E+001
 1.1079782E+001, 2.0355648E+001, 3.0000000E+001, 3.0000000E+001, 3.0000000E+001, 3.0000000E+001
 1.1205062E+001, 2.0363515E+001, 3.0000000E+001, 3.0000000E+001, 3.0000000E+001, 3.0000000E+001
 1.1330343E+001, 2.0371474E+001, 3.0000000E+001, 3.0000000E+001, 3.0000000E+001, 3.0000000E+001
 1.1455623E+001, 2.0379605E+001, 3.0000000E+001, 3.0000000E+001, 3.0000000E+001, 3.0000000E+001
 1.1580903E+001, 2.0387875E+001, 3.0000000E+001, 3.0000000E+001, 3.0000000E+001, 3.0000000E+001
 1.1706183E+001, 2.0396008E+001, 3.0000000E+001, 3.0000000E+001, 3.0000000E+001, 3.0000000E+001
 1.1831463E+001, 2.0404555E+001, 3.0000000E+001, 3.0000000E+001, 3.0000000E+001, 3.0000000E+001
 1.1943579E+001, 2.0412111E+001, 3.0000000E+001, 3.0000000E+001, 3.0000000E+001, 3.0000000E+001
 1.2055695E+001, 2.0419900E+001, 3.0000000E+001, 3.0000000E+001, 3.0000000E+001, 3.0000000E+001
 1.2167811E+001, 2.0427419E+001, 3.0000000E+001, 3.0000000E+001, 3.0000000E+001, 3.0000000E+001
 1.2279927E+001, 2.0435256E+001, 3.0000000E+001, 3.0000000E+001, 3.0000000E+001, 3.0000000E+001
 1.2392042E+001, 2.0443100E+001, 3.0000000E+001, 3.0000000E+001, 3.0000000E+001, 3.0000000E+001
 1.2504158E+001, 2.0451136E+001, 3.0000000E+001, 3.0000000E+001, 3.0000000E+001, 3.0000000E+001
 1.2616274E+001, 2.0459153E+001, 3.0000000E+001, 3.0000000E+001, 3.0000000E+001, 3.0000000E+001
 1.2728390E+001, 2.0467294E+001, 3.0000000E+001, 3.0000000E+001, 3.0000000E+001, 3.0000000E+001
 1.2840506E+001, 2.0475420E+001, 3.0000000E+001, 3.0000000E+001, 3.0000000E+001, 3.0000000E+001
 1.2952622E+001, 2.0483544E+001, 3.0000000E+001, 3.0000000E+001, 3.0000000E+001, 3.0000000E+001
 1.3075949E+001, 2.0492480E+001, 3.0000000E+001, 3.0000000E+001, 3.0000000E+001, 3.0000000E+001
 1.3199276E+001, 2.0501371E+001, 3.0000000E+001, 3.0000000E+001, 3.0000000E+001, 3.0000000E+001
 1.3322604E+001, 2.0510345E+001, 3.0000000E+001, 3.0000000E+001, 3.0000000E+001, 3.0000000E+001
 1.3445931E+001, 2.0519336E+001, 3.0000000E+001, 3.0000000E+001, 3.0000000E+001, 3.0000000E+001
 1.3569259E+001, 2.0528449E+001, 3.0000000E+001, 3.0000000E+001, 3.0000000E+001, 3.0000000E+001
 1.3692586E+001, 2.0537603E+001, 3.0000000E+001, 3.0000000E+001, 3.0000000E+001, 3.0000000E+001
 1.3815913E+001, 2.0546821E+001, 3.0000000E+001, 3.0000000E+001, 3.0000000E+001, 3.0000000E+001
 1.3939241E+001, 2.0556193E+001, 3.0000000E+001, 3.0000000E+001, 3.0000000E+001, 3.0000000E+001
 1.4062568E+001, 2.0565496E+001, 3.0000000E+001, 3.0000000E+001, 3.0000000E+001, 3.0000000E+001
 1.4185896E+001, 2.0574741E+001, 3.0000000E+001, 3.0000000E+001, 3.0000000E+001, 3.0000000E+001
 1.4309223E+001, 2.0584229E+001, 3.0000000E+001, 3.0000000E+001, 3.0000000E+001, 3.0000000E+001
 1.4432551E+001, 2.0593839E+001, 3.0000000E+001, 3.0000000E+001, 3.0000000E+001, 3.0000000E+001
 1.4555878E+001, 2.0603392E+001, 3.0000000E+001, 3.0000000E+001, 3.0000000E+001, 3.0000000E+001
 1.4679205E+001, 2.0613183E+001, 3.0000000E+001, 3.0000000E+001, 3.0000000E+001, 3.0000000E+001
 1.4802533E+001, 2.0623074E+001, 3.0000000E+001, 3.0000000E+001, 3.0000000E+001, 3.0000000E+001
 1.4925860E+001, 2.0633039E+001, 3.0000000E+001, 3.0000000E+001, 3.0000000E+001, 3.0000000E+001
 1.5049188E+001, 2.0643027E+001, 3.0000000E+001, 3.0000000E+001, 3.0000000E+001, 3.0000000E+001
 1.5172515E+001, 2.0653126E+001, 3.0000000E+001, 3.0000000E+001, 3.0000000E+001, 3.0000000E+001
 1.5295842E+001, 2.0663259E+001, 3.0000000E+001, 3.0000000E+001, 3.0000000E+001, 3.0000000E+001
 1.5419170E+001, 2.0673626E+001, 3.0000000E+001, 3.0000000E+001, 3.0000000E+001, 3.0000000E+001
 1.5542497E+001, 2.0684032E+001, 3.0000000E+001, 3.0000000E+001, 3.0000000E+001, 3.0000000E+001
 1.5665825E+001, 2.0694472E+001, 3.0000000E+001, 3.0000000E+001, 3.0000000E+001, 3.0000000E+001
 1.5789152E+001, 2.0705143E+001, 3.0000000E+001, 3.0000000E+001, 3.0000000E+001, 3.0000000E+001
 1.5912480E+001, 2.0715858E+001, 3.0000000E+001, 3.0000000E+001, 3.0000000E+001, 3.0000000E+001
 1.6035807E+001, 2.0726611E+001, 3.0000000E+001, 3.0000000E+001, 3.0000000E+001, 3.0000000E+001
 1.6159134E+001, 2.0737469E+001, 3.0000000E+001, 3.0000000E+001, 3.0000000E+001, 3.0000000E+001
 1.6269763E+001, 2.0747241E+001, 3.0000000E+001, 3.0000000E+001, 3.0000000E+001, 3.0000000E+001
 1.6380391E+001, 2.0757239E+001, 3.0000000E+001, 3.0000000E+001, 3.0000000E+001, 3.0000000E+001
 1.6491020E+001, 2.0767164E+001, 3.0000000E+001, 3.0000000E+001, 3.0000000E+001, 3.0000000E+001
 1.6601649E+001, 2.0777118E+001, 3.0000000E+001, 3.0000000E+001, 3.0000000E+001, 3.0000000E+001
 1.6712277E+001, 2.0787050E+001, 3.0000000E+001, 3.0000000E+001, 3.0000000E+001, 3.0000000E+001
 1.6822906E+001, 2.0797039E+001, 3.0000000E+001, 3.0000000E+001, 3.0000000E+001, 3.0000000E+001
 1.6933534E+001, 2.0807041E+001, 3.0000000E+001, 3.0000000E+001, 3.0000000E+001, 3.0000000E+001
 1.7044163E+001, 2.0817070E+001, 3.0000000E+001, 3.0000000E+001, 3.0000000E+001, 3.0000000E+001
 1.7154791E+001, 2.0827175E+001, 3.0000000E+001, 3.0000000E+001, 3.0000000E+001, 3.0000000E+001
 1.7265420E+001, 2.0837294E+001, 3.0000000E+001, 3.0000000E+001, 3.0000000E+001, 3.0000000E+001
 1.7376048E+001, 2.0847430E+001, 3.0000000E+001, 3.0000000E+001, 3.0000000E+001, 3.0000000E+001
 1.7474992E+001, 2.0856594E+001, 3.0000000E+001, 3.0000000E+001, 3.0000000E+001, 3.0000000E+001
 1.7573936E+001, 2.0865973E+001, 3.0000000E+001, 3.0000000E+001, 3.0000000E+001, 3.0000000E+001
 1.7672881E+001, 2.0875229E+001, 3.0000000E+001, 3.0000000E+001, 3.0000000E+001, 3.0000000E+001
 1.7771825E+001, 2.0884519E+001, 3.0000000E+001, 3.0000000E+001, 3.0000000E+001, 3.0000000E+001
 1.7870769E+001, 2.0893816E+001, 3.0000000E+001, 3.0000000E+001, 3.0000000E+001, 3.0000000E+001
 1.7969713E+001, 2.0903087E+001, 3.0000000E+001, 3.0000000E+001, 3.0000000E+001, 3.0000000E+001
 1.8068657E+001, 2.0912306E+001, 3.0000000E+001, 3.0000000E+001, 3.0000000E+001, 3.0000000E+001
 1.8167601E+001, 2.0921570E+001, 3.0000000E+001, 3.0000000E+001, 3.0000000E+001, 3.0000000E+001
 1.8276439E+001, 2.0931803E+001, 3.0000000E+001, 3.0000000E+001, 3.0000000E+001, 3.0000000E+001
 1.8385278E+001, 2.0941927E+001, 3.0000000E+001, 3.0000000E+001, 3.0000000E+001, 3.0000000E+001
 1.8494116E+001, 2.0951999E+001, 3.0000000E+001, 3.0000000E+001, 3.0000000E+001, 3.0000000E+001
 1.8602955E+001, 2.0962199E+001, 3.0000000E+001, 3.0000000E+001, 3.0000000E+001, 3.0000000E+001
 1.8711793E+001, 2.0972631E+001, 3.0000000E+001, 3.0000000E+001, 3.0000000E+001, 3.0000000E+001
 1.8820632E+001, 2.0983113E+001, 3.0000000E+001, 3.0000000E+001, 3.0000000E+001, 3.0000000E+001
 1.8929470E+001, 2.0993635E+001, 3.0000000E+001, 3.0000000E+001, 3.0000000E+001, 3.0000000E+001
 1.9038309E+001, 2.1004333E+001, 3.0000000E+001, 3.0000000E+001, 3.0000000E+001, 3.0000000E+001
 1.9147147E+001, 2.1014945E+001, 3.0000000E+001, 3.0000000E+001, 3.0000000E+001, 3.0000000E+001
 1.9255985E+001, 2.1025635E+001, 3.0000000E+001, 3.0000000E+001, 3.0000000E+001, 3.0000000E+001
 1.9364824E+001, 2.1036436E+001, 3.0000000E+001, 3.0000000E+001, 3.0000000E+001, 3.0000000E+001
 1.9473662E+001, 2.1047267E+001, 3.0000000E+001, 3.0000000E+001, 3.0000000E+001, 3.0000000E+001
 1.9582501E+001, 2.1058106E+001, 3.0000000E+001, 3.0000000E+001, 3.0000000E+001, 3.0000000E+001
 1.9691339E+001, 2.1069031E+001, 3.0000000E+001, 3.0000000E+001, 3.0000000E+001, 3.0000000E+001
 1.9800178E+001, 2.1079981E+001, 3.0000000E+001, 3.0000000E+001, 3.0000000E+001, 3.0000000E+001
 1.9909016E+001, 2.1090779E+001, 3.0000000E+001, 3.0000000E+001, 3.0000000E+001, 3.0000000E+001
 2.0017855E+001, 2.1101770E+001, 3.0000000E+001, 3.0000000E+001, 3.0000000E+001, 3.0000000E+001
 2.0126693E+001, 2.1112990E+001, 3.0000000E+001, 3.0000000E+001, 3.0000000E+001, 3.0000000E+001
 2.0235532E+001, 2.1124165E+001, 3.0000000E+001, 3.0000000E+001, 3.0000000E+001, 3.0000000E+001
 2.0344370E+001, 2.1135451E+001, 3.0000000E+001, 3.0000000E+001, 3.0000000E+001, 3.0000000E+001
 2.0453209E+001, 2.1146556E+001, 3.0000000E+001, 3.0000000E+001, 3.0000000E+001, 3.0000000E+001
 2.0562047E+001, 2.1157794E+001, 3.0000000E+001, 3.0000000E+001, 3.0000000E+001, 3.0000000E+001
 2.0670885E+001, 2.1169285E+001, 3.0000000E+001, 3.0000000E+001, 3.0000000E+001, 3.0000000E+001
 2.0779724E+001, 2.1180741E+001, 3.0000000E+001, 3.0000000E+001, 3.0000000E+001, 3.0000000E+001
 2.0888562E+001, 2.1192233E+001, 3.0000000E+001, 3.0000000E+001, 3.0000000E+001, 3.0000000E+001
 2.0997401E+001, 2.1203846E+001, 3.0000000E+001, 3.0000000E+001, 3.0000000E+001, 3.0000000E+001
 2.1106239E+001, 2.1215339E+001, 3.0000000E+001, 3.0000000E+001, 3.0000000E+001, 3.0000000E+001
 2.1215078E+001, 2.1226989E+001, 3.0000000E+001, 3.0000000E+001, 3.0000000E+001, 3.0000000E+001
 2.1323916E+001, 2.1238376E+001, 3.0000000E+001, 3.0000000E+001, 3.0000000E+001, 3.0000000E+001
 2.1432755E+001, 2.1249957E+001, 3.0000000E+001, 3.0000000E+001, 3.0000000E+001, 3.0000000E+001
 2.1541593E+001, 2.1261725E+001, 3.0000000E+001, 3.0000000E+001, 3.0000000E+001, 3.0000000E+001
 2.1650432E+001, 2.1273602E+001, 3.0000000E+001, 3.0000000E+001, 3.0000000E+001, 3.0000000E+001
 2.1747613E+001, 2.1284064E+001, 3.0000000E+001, 3.0000000E+001, 3.0000000E+001, 3.0000000E+001
 2.1844794E+001, 2.1294606E+001, 3.0000000E+001, 3.0000000E+001, 3.0000000E+001, 3.0000000E+001
 2.1941975E+001, 2.1305206E+001, 3.0000000E+001, 3.0000000E+001, 3.0000000E+001, 3.0000000E+001
 2.2027769E+001, 2.1314575E+001, 3.0000000E+001, 3.0000000E+001, 3.0000000E+001, 3.0000000E+001
 2.2113563E+001, 2.1324117E+001, 3.0000000E+001, 3.0000000E+001, 3.0000000E+001, 3.0000000E+001
 2.2199357E+001, 2.1333698E+001, 3.0000000E+001, 3.0000000E+001, 3.0000000E+001, 3.0000000E+001
 2.2285151E+001, 2.1343261E+001, 3.0000000E+001, 3.0000000E+001, 3.0000000E+001, 3.0000000E+001
 2.2370945E+001, 2.1352775E+001, 3.0000000E+001, 3.0000000E+001, 3.0000000E+001, 3.0000000E+001
 2.2456739E+001, 2.1362342E+001, 3.0000000E+001, 3.0000000E+001, 3.0000000E+001, 3.0000000E+001
 2.2542533E+001, 2.1371886E+001, 3.0000000E+001, 3.0000000E+001, 3.0000000E+001, 3.0000000E+001
 2.2628327E+001, 2.1381412E+001, 3.0000000E+001, 3.0000000E+001, 3.0000000E+001, 3.0000000E+001
 2.2714121E+001, 2.1390966E+001, 3.0000000E+001, 3.0000000E+001, 3.0000000E+001, 3.0000000E+001
 2.2799915E+001, 2.1400515E+001, 3.0000000E+001, 3.0000000E+001, 3.0000000E+001, 3.0000000E+001
 2.2885709E+001, 2.1410062E+001, 3.0000000E+001, 3.0000000E+001, 3.0000000E+001, 3.0000000E+001
 2.2971504E+001, 2.1419745E+001, 3.0000000E+001, 3.0000000E+001, 3.0000000E+001, 3.0000000E+001
 2.3057298E+001, 2.1429417E+001, 3.0000000E+001, 3.0000000E+001, 3.0000000E+001, 3.0000000E+001
 2.3151671E+001, 2.1440059E+001, 3.0000000E+001, 3.0000000E+001, 3.0000000E+001, 3.0000000E+001
 2.3246045E+001, 2.1450629E+001, 3.0000000E+001, 3.0000000E+001, 3.0000000E+001, 3.0000000E+001
 2.3340418E+001, 2.1461314E+001, 3.0000000E+001, 3.0000000E+001, 3.0000000E+001, 3.0000000E+001
 2.3434792E+001, 2.1471997E+001, 3.0000000E+001, 3.0000000E+001, 3.0000000E+001, 3.0000000E+001
 2.3529165E+001, 2.1482669E+001, 3.0000000E+001, 3.0000000E+001, 3.0000000E+001, 3.0000000E+001
 2.3623539E+001, 2.1493303E+001, 3.0000000E+001, 3.0000000E+001, 3.0000000E+001, 3.0000000E+001
 2.3717912E+001, 2.1503896E+001, 3.0000000E+001, 3.0000000E+001, 3.0000000E+001, 3.0000000E+001
 2.3812285E+001, 2.1514462E+001, 3.0000000E+001, 3.0000000E+001, 3.0000000E+001, 3.0000000E+001
 2.3906659E+001, 2.1525019E+001, 3.0000000E+001, 3.0000000E+001, 3.0000000E+001, 3.0000000E+001
 2.4001032E+001, 2.1535533E+001, 3.0000000E+001, 3.0000000E+001, 3.0000000E+001, 3.0000000E+001
 2.4095406E+001, 2.1545976E+001, 3.0000000E+001, 3.0000000E+001, 3.0000000E+001, 3.0000000E+001
 2.4189779E+001, 2.1556321E+001, 3.0000000E+001, 3.0000000E+001, 3.0000000E+001, 3.0000000E+001
 2.4284153E+001, 2.1566568E+001, 3.0000000E+001, 3.0000000E+001, 3.0000000E+001, 3.0000000E+001
 2.4378526E+001, 2.1577104E+001, 3.0000000E+001, 3.0000000E+001, 3.0000000E+001, 3.0000000E+001
 2.4482337E+001, 2.1588982E+001, 3.0000000E+001, 3.0000000E+001, 3.0000000E+001, 3.0000000E+001
 2.4586148E+001, 2.1600960E+001, 3.0000000E+001, 3.0000000E+001, 3.0000000E+001, 3.0000000E+001
 2.4689959E+001, 2.1613669E+001, 3.0000000E+001, 3.0000000E+001, 3.0000000E+001, 3.0000000E+001
 2.4793770E+001, 2.1627076E+001, 3.0000000E+001, 3.0000000E+001, 3.0000000E+001, 3.0000000E+001
 2.4884742E+001, 2.1639518E+001, 3.0000000E+001, 3.0000000E+001, 3.0000000E+001, 3.0000000E+001
 2.4975714E+001, 2.1652394E+001, 3.0000000E+001, 3.0000000E+001, 3.0000000E+001, 3.0000000E+001
 2.5066686E+001, 2.1665313E+001, 3.0000000E+001, 3.0000000E+001, 3.0000000E+001, 3.0000000E+001
 2.5157659E+001, 2.1678541E+001, 3.0000000E+001, 3.0000000E+001, 3.0000000E+001, 3.0000000E+001
 2.5248631E+001, 2.1692213E+001, 3.0000000E+001, 3.0000000E+001, 3.0000000E+001, 3.0000000E+001
 2.5339603E+001, 2.1706409E+001, 3.0000000E+001, 3.0000000E+001, 3.0000000E+001, 3.0000000E+001
 2.5439673E+001, 2.1722853E+001, 3.0000000E+001, 3.0000000E+001, 3.0000000E+001, 3.0000000E+001
 2.5539742E+001, 2.1740439E+001, 3.0000000E+001, 3.0000000E+001, 3.0000000E+001, 3.0000000E+001
 2.5639812E+001, 2.1761540E+001, 3.0000000E+001, 3.0000000E+001, 3.0000000E+001, 3.0000000E+001
 2.5739881E+001, 2.1791631E+001, 3.0000000E+001, 3.0000000E+001, 3.0000000E+001, 3.0000000E+001
 2.5839951E+001, 2.1842164E+001, 3.0000000E+001, 3.0000000E+001, 3.0000000E+001, 3.0000000E+001
 2.5940020E+001, 2.1919869E+001, 3.0000000E+001, 3.0000000E+001, 3.0000000E+001, 3.0000000E+001
 2.6040090E+001, 2.2021356E+001, 3.0000000E+001, 3.0000000E+001, 3.0000000E+001, 3.0000000E+001
 2.6140159E+001, 2.2142376E+001, 3.0000000E+001, 3.0000000E+001, 3.0000000E+001, 3.0000000E+001
 2.6240229E+001, 2.2277518E+001, 3.0000000E+001, 3.0000000E+001, 3.0000000E+001, 3.0000000E+001
 2.6340298E+001, 2.2422761E+001, 3.0000000E+001, 3.0000000E+001, 3.0000000E+001, 3.0000000E+001
 2.6440368E+001, 2.2573591E+001, 3.0000000E+001, 3.0000000E+001, 3.0000000E+001, 3.0000000E+001
 2.6540437E+001, 2.2727059E+001, 3.0000000E+001, 3.0000000E+001, 3.0000000E+001, 3.0000000E+001
 2.6640507E+001, 2.2880981E+001, 3.0000000E+001, 3.0000000E+001, 3.0000000E+001, 3.0000000E+001
 2.6740576E+001, 2.3032947E+001, 3.0000000E+001, 3.0000000E+001, 3.0000000E+001, 3.0000000E+001
 2.6840645E+001, 2.3180165E+001, 3.0000000E+001, 3.0000000E+001, 3.0000000E+001, 3.0000000E+001
 2.6940715E+001, 2.3319837E+001, 3.0000000E+001, 3.0000000E+001, 3.0000000E+001, 3.0000000E+001
 2.7040784E+001, 2.3449472E+001, 3.0000000E+001, 3.0000000E+001, 3.0000000E+001, 3.0000000E+001
 2.7140854E+001, 2.3568389E+001, 3.0000000E+001, 3.0000000E+001, 3.0000000E+001, 3.0000000E+001
 2.7240923E+001, 2.3676225E+001, 3.0000000E+001, 3.0000000E+001, 3.0000000E+001, 3.0000000E+001
 2.7340993E+001, 2.3774800E+001, 3.0000000E+001, 3.0000000E+001, 3.0000000E+001, 3.0000000E+001
 2.7428671E+001, 2.3851313E+001, 3.0000000E+001, 3.0000000E+001, 3.0000000E+001, 3.0000000E+001
 2.7516350E+001, 2.3913639E+001, 3.0000000E+001, 3.0000000E+001, 3.0000000E+001, 3.0000000E+001
 2.7604028E+001, 2.3964669E+001, 3.0000000E+001, 3.0000000E+001, 3.0000000E+001, 3.0000000E+001
 2.7691706E+001, 2.4012536E+001, 3.0000000E+001, 3.0000000E+001, 3.0000000E+001, 3.0000000E+001
 2.7779385E+001, 2.4061108E+001, 3.0000000E+001, 3.0000000E+001, 3.0000000E+001, 3.0000000E+001
 2.7867063E+001, 2.4111278E+001, 3.0000000E+001, 3.0000000E+001, 3.0000000E+001, 3.0000000E+001
 2.7954741E+001, 2.4161712E+001, 3.0000000E+001, 3.0000000E+001, 3.0000000E+001, 3.0000000E+001
 2.8042420E+001, 2.4213916E+001, 3.0000000E+001, 3.0000000E+001, 3.0000000E+001, 3.0000000E+001
 2.8130098E+001, 2.4271823E+001, 3.0000000E+001, 3.0000000E+001, 3.0000000E+001, 3.0000000E+001
 2.8217777E+001, 2.4338264E+001, 3.0000000E+001, 3.0000000E+001, 3.0000000E+001, 3.0000000E+001
 2.8305455E+001, 2.4415273E+001, 3.0000000E+001, 3.0000000E+001, 3.0000000E+001, 3.0000000E+001
 2.8393133E+001, 2.4501489E+001, 3.0000000E+001, 3.0000000E+001, 3.0000000E+001, 3.0000000E+001
 2.8480812E+001, 2.4595605E+001, 3.0000000E+001, 3.0000000E+001, 3.0000000E+001, 3.0000000E+001
 2.8568490E+001, 2.4698242E+001, 3.0000000E+001, 3.0000000E+001, 3.0000000E+001, 3.0000000E+001
 2.8656168E+001, 2.4809281E+001, 3.0000000E+001, 3.0000000E+001, 3.0000000E+001, 3.0000000E+001
 2.8743847E+001, 2.4928395E+001, 3.0000000E+001, 3.0000000E+001, 3.0000000E+001, 3.0000000E+001
 2.8831525E+001, 2.5057773E+001, 3.0000000E+001, 3.0000000E+001, 3.0000000E+001, 3.0000000E+001
 2.8919203E+001, 2.5202226E+001, 3.0000000E+001, 3.0000000E+001, 3.0000000E+001, 3.0000000E+001
 2.9006882E+001, 2.5364349E+001, 3.0000000E+001, 3.0000000E+001, 3.0000000E+001, 3.0000000E+001
 2.9094560E+001, 2.5546693E+001, 3.0000000E+001, 3.0000000E+001, 3.0000000E+001, 3.0000000E+001
 2.9182239E+001, 2.5751178E+001, 3.0000000E+001, 3.0000000E+001, 3.0000000E+001, 3.0000000E+001
 2.9269917E+001, 2.5974789E+001, 3.0000000E+001, 3.0000000E+001, 3.0000000E+001, 3.0000000E+001
 2.9357595E+001, 2.6215201E+001, 3.0000000E+001, 3.0000000E+001, 3.0000000E+001, 3.0000000E+001
 2.9445274E+001, 2.6464223E+001, 3.0000000E+001, 3.0000000E+001, 3.0000000E+001, 3.0000000E+001
 2.9541720E+001, 2.6732823E+001, 3.0000000E+001, 3.0000000E+001, 3.0000000E+001, 3.0000000E+001
 2.9638166E+001, 2.6991104E+001, 3.0000000E+001, 3.0000000E+001, 3.0000000E+001, 3.0000000E+001
 2.9734612E+001, 2.7241341E+001, 3.0000000E+001, 3.0000000E+001, 3.0000000E+001, 3.0000000E+001
 2.9831058E+001, 2.7489564E+001, 3.0000000E+001, 3.0000000E+001, 3.0000000E+001, 3.0000000E+001
 2.9927505E+001, 2.7736048E+001, 3.0000000E+001, 3.0000000E+001, 3.0000000E+001, 3.0000000E+001
 3.0023951E+001, 2.7973735E+001, 3.0000000E+001, 3.0000000E+001, 3.0000000E+001, 3.0000000E+001
 3.0120397E+001, 2.8195513E+001, 3.0000000E+001, 3.0000000E+001, 3.0000000E+001, 3.0000000E+001
 3.0216843E+001, 2.8392861E+001, 3.0000000E+001, 3.0000000E+001, 3.0000000E+001, 3.0000000E+001
 3.0313289E+001, 2.8564633E+001, 3.0000000E+001, 3.0000000E+001, 3.0000000E+001, 3.0000000E+001
 3.0409736E+001, 2.8714825E+001, 3.0000000E+001, 3.0000000E+001, 3.0000000E+001, 3.0000000E+001
 3.0506182E+001, 2.8843965E+001, 3.0000000E+001, 3.0000000E+001, 3.0000000E+001, 3.0000000E+001
 3.0602628E+001, 2.8953751E+001, 3.0000000E+001, 3.0000000E+001, 3.0000000E+001, 3.0000000E+001
 3.0699074E+001, 2.9044825E+001, 3.0000000E+001, 3.0000000E+001, 3.0000000E+001, 3.0000000E+001
 3.0795521E+001, 2.9116939E+001, 3.0000000E+001, 3.0000000E+001, 3.0000000E+001, 3.0000000E+001
 3.0891967E+001, 2.9171143E+001, 3.0000000E+001, 3.0000000E+001, 3.0000000E+001, 3.0000000E+001
 3.0988413E+001, 2.9206040E+001, 3.0000000E+001, 3.0000000E+001, 3.0000000E+001, 3.0000000E+001
 3.1084859E+001, 2.9219584E+001, 3.0000000E+001, 3.0000000E+001, 3.0000000E+001, 3.0000000E+001
 3.1181305E+001, 2.9215284E+001, 3.0000000E+001, 3.0000000E+001, 3.0000000E+001, 3.0000000E+001
 3.1277752E+001, 2.9195966E+001, 3.0000000E+001, 3.0000000E+001, 3.0000000E+001, 3.0000000E+001
 3.1374198E+001, 2.9162742E+001, 3.0000000E+001, 3.0000000E+001, 3.0000000E+001, 3.0000000E+001
 3.1470644E+001, 2.9118097E+001, 3.0000000E+001, 3.0000000E+001, 3.0000000E+001, 3.0000000E+001
 3.1567090E+001, 2.9064575E+001, 3.0000000E+001, 3.0000000E+001, 3.0000000E+001, 3.0000000E+001
 3.1663536E+001, 2.9003977E+001, 3.0000000E+001, 3.0000000E+001, 3.0000000E+001, 3.0000000E+001
 3.1759983E+001, 2.8940228E+001, 3.0000000E+001, 3.0000000E+001, 3.0000000E+001, 3.0000000E+001
 3.1856429E+001, 2.8876977E+001, 3.0000000E+001, 3.0000000E+001, 3.0000000E+001, 3.0000000E+001
 3.1952875E+001, 2.8813529E+001, 3.0000000E+001, 3.0000000E+001, 3.0000000E+001, 3.0000000E+001
 3.2049321E+001, 2.8748728E+001, 3.0000000E+001, 3.0000000E+001, 3.0000000E+001, 3.0000000E+001
 3.2145767E+001, 2.8681447E+001, 3.0000000E+001, 3.0000000E+001, 3.0000000E+001, 3.0000000E+001
 3.2242214E+001, 2.8611947E+001, 3.0000000E+001, 3.0000000E+001, 3.0000000E+001, 3.0000000E+001
 3.2338660E+001, 2.8540619E+001, 3.0000000E+001, 3.0000000E+001, 3.0000000E+001, 3.0000000E+001
 3.2435106E+001, 2.8467117E+001, 3.0000000E+001, 3.0000000E+001, 3.0000000E+001, 3.0000000E+001
 3.2531552E+001, 2.8392058E+001, 3.0000000E+001, 3.0000000E+001, 3.0000000E+001, 3.0000000E+001
 3.2627998E+001, 2.8315919E+001, 3.0000000E+001, 3.0000000E+001, 3.0000000E+001, 3.0000000E+001
 3.2724445E+001, 2.8239178E+001, 3.0000000E+001, 3.0000000E+001, 3.0000000E+001, 3.0000000E+001
 3.2820891E+001, 2.8162643E+001, 3.0000000E+001, 3.0000000E+001, 3.0000000E+001, 3.0000000E+001
 3.2917337E+001, 2.8086781E+001, 3.0000000E+001, 3.0000000E+001, 3.0000000E+001, 3.0000000E+001
 3.3013783E+001, 2.8011214E+001, 3.0000000E+001, 3.0000000E+001, 3.0000000E+001, 3.0000000E+001
 3.3110229E+001, 2.7935691E+001, 3.0000000E+001, 3.0000000E+001, 3.0000000E+001, 3.0000000E+001
 3.3206676E+001, 2.7859715E+001, 3.0000000E+001, 3.0000000E+001, 3.0000000E+001, 3.0000000E+001
 3.3303122E+001, 2.7782887E+001, 3.0000000E+001, 3.0000000E+001, 3.0000000E+001, 3.0000000E+001
 3.3399568E+001, 2.7705332E+001, 3.0000000E+001, 3.0000000E+001, 3.0000000E+001, 3.0000000E+001
 3.3486287E+001, 2.7634459E+001, 3.0000000E+001, 3.0000000E+001, 3.0000000E+001, 3.0000000E+001
 3.3573007E+001, 2.7563204E+001, 3.0000000E+001, 3.0000000E+001, 3.0000000E+001, 3.0000000E+001
 3.3659726E+001, 2.7492894E+001, 3.0000000E+001, 3.0000000E+001, 3.0000000E+001, 3.0000000E+001
 3.3746445E+001, 2.7425535E+001, 3.0000000E+001, 3.0000000E+001, 3.0000000E+001, 3.0000000E+001
 3.3833164E+001, 2.7362911E+001, 3.0000000E+001, 3.0000000E+001, 3.0000000E+001, 3.0000000E+001
 3.3919884E+001, 2.7307495E+001, 3.0000000E+001, 3.0000000E+001, 3.0000000E+001, 3.0000000E+001
 3.4006603E+001, 2.7261640E+001, 3.0000000E+001, 3.0000000E+001, 3.0000000E+001, 3.0000000E+001
 3.4093322E+001, 2.7226932E+001, 3.0000000E+001, 3.0000000E+001, 3.0000000E+001, 3.0000000E+001
 3.4180042E+001, 2.7204147E+001, 3.0000000E+001, 3.0000000E+001, 3.0000000E+001, 3.0000000E+001
 3.4266761E+001, 2.7194484E+001, 3.0000000E+001, 3.0000000E+001, 3.0000000E+001, 3.0000000E+001
 3.4353480E+001, 2.7199918E+001, 3.0000000E+001, 3.0000000E+001, 3.0000000E+001, 3.0000000E+001
 3.4440199E+001, 2.7221034E+001, 3.0000000E+001, 3.0000000E+001, 3.0000000E+001, 3.0000000E+001
 3.4526919E+001, 2.7256473E+001, 3.0000000E+001, 3.0000000E+001, 3.0000000E+001, 3.0000000E+001
 3.4613638E+001, 2.7306123E+001, 3.0000000E+001, 3.0000000E+001, 3.0000000E+001, 3.0000000E+001
 3.4700357E+001, 2.7368724E+001, 3.0000000E+001, 3.0000000E+001, 3.0000000E+001, 3.0000000E+001
 3.4787076E+001, 2.7441153E+001, 3.0000000E+001, 3.0000000E+001, 3.0000000E+001, 3.0000000E+001
 3.4873796E+001, 2.7521086E+001, 3.0000000E+001, 3.0000000E+001, 3.0000000E+001, 3.0000000E+001
 3.4960515E+001, 2.7608484E+001, 3.0000000E+001, 3.0000000E+001, 3.0000000E+001, 3.0000000E+001
 3.5047234E+001, 2.7703118E+001, 3.0000000E+001, 3.0000000E+001, 3.0000000E+001, 3.0000000E+001
 3.5133954E+001, 2.7805404E+001, 3.0000000E+001, 3.0000000E+001, 3.0000000E+001, 3.0000000E+001
 3.5220673E+001, 2.7914967E+001, 3.0000000E+001, 3.0000000E+001, 3.0000000E+001, 3.0000000E+001
 3.5307392E+001, 2.8030037E+001, 3.0000000E+001, 3.0000000E+001, 3.0000000E+001, 3.0000000E+001
 3.5394111E+001, 2.8149016E+001, 3.0000000E+001, 3.0000000E+001, 3.0000000E+001, 3.0000000E+001
 3.5480831E+001, 2.8270743E+001, 3.0000000E+001, 3.0000000E+001, 3.0000000E+001, 3.0000000E+001
 3.5567550E+001, 2.8393334E+001, 3.0000000E+001, 3.0000000E+001, 3.0000000E+001, 3.0000000E+001
 3.5654269E+001, 2.8514836E+001, 3.0000000E+001, 3.0000000E+001, 3.0000000E+001, 3.0000000E+001
 3.5740989E+001, 2.8632966E+001, 3.0000000E+001, 3.0000000E+001, 3.0000000E+001, 3.0000000E+001
 3.5827708E+001, 2.8744320E+001, 3.0000000E+001, 3.0000000E+001, 3.0000000E+001, 3.0000000E+001
 3.5914427E+001, 2.8844236E+001, 3.0000000E+001, 3.0000000E+001, 3.0000000E+001, 3.0000000E+001
 3.6001146E+001, 2.8928426E+001, 3.0000000E+001, 3.0000000E+001, 3.0000000E+001, 3.0000000E+001
 3.6087866E+001, 2.8993845E+001, 3.0000000E+001, 3.0000000E+001, 3.0000000E+001, 3.0000000E+001
 3.6174585E+001, 2.9038961E+001, 3.0000000E+001, 3.0000000E+001, 3.0000000E+001, 3.0000000E+001
 3.6261304E+001, 2.9063240E+001, 3.0000000E+001, 3.0000000E+001, 3.0000000E+001, 3.0000000E+001
 3.6348024E+001, 2.9065147E+001, 3.0000000E+001, 3.0000000E+001, 3.0000000E+001, 3.0000000E+001
 3.6434743E+001, 2.9043267E+001, 3.0000000E+001, 3.0000000E+001, 3.0000000E+001, 3.0000000E+001
 3.6521462E+001, 2.8996961E+001, 3.0000000E+001, 3.0000000E+001, 3.0000000E+001, 3.0000000E+001
 3.6608181E+001, 2.8926378E+001, 3.0000000E+001, 3.0000000E+001, 3.0000000E+001, 3.0000000E+001
 3.6694901E+001, 2.8832446E+001, 3.0000000E+001, 3.0000000E+001, 3.0000000E+001, 3.0000000E+001
 3.6781620E+001, 2.8717012E+001, 3.0000000E+001, 3.0000000E+001, 3.0000000E+001, 3.0000000E+001
 3.6868339E+001, 2.8582691E+001, 3.0000000E+001, 3.0000000E+001, 3.0000000E+001, 3.0000000E+001
 3.6955059E+001, 2.8432573E+001, 3.0000000E+001, 3.0000000E+001, 3.0000000E+001, 3.0000000E+001
 3.7041778E+001, 2.8269820E+001, 3.0000000E+001, 3.0000000E+001, 3.0000000E+001, 3.0000000E+001
 3.7128497E+001, 2.8099337E+001, 3.0000000E+001, 3.0000000E+001, 3.0000000E+001, 3.0000000E+001
 3.7215216E+001, 2.7926205E+001, 3.0000000E+001, 3.0000000E+001, 3.0000000E+001, 3.0000000E+001
 3.7301936E+001, 2.7753671E+001, 3.0000000E+001, 3.0000000E+001, 3.0000000E+001, 3.0000000E+001
 3.7388655E+001, 2.7584171E+001, 3.0000000E+001, 3.0000000E+001, 3.0000000E+001, 3.0000000E+001
 3.7475374E+001, 2.7421541E+001, 3.0000000E+001, 3.0000000E+001, 3.0000000E+001, 3.0000000E+001
 3.7562094E+001, 2.7268959E+001, 3.0000000E+001, 3.0000000E+001, 3.0000000E+001, 3.0000000E+001
 3.7648813E+001, 2.7127435E+001, 3.0000000E+001, 3.0000000E+001, 3.0000000E+001, 3.0000000E+001
 3.7735532E+001, 2.6997114E+001, 3.0000000E+001, 3.0000000E+001, 3.0000000E+001, 3.0000000E+001
 3.7822251E+001, 2.6878912E+001, 3.0000000E+001, 3.0000000E+001, 3.0000000E+001, 3.0000000E+001
 3.7908971E+001, 2.6773894E+001, 3.0000000E+001, 3.0000000E+001, 3.0000000E+001, 3.0000000E+001
 3.7995690E+001, 2.6682580E+001, 3.0000000E+001, 3.0000000E+001, 3.0000000E+001, 3.0000000E+001
 3.8082409E+001, 2.6604370E+001, 3.0000000E+001, 3.0000000E+001, 3.0000000E+001, 3.0000000E+001
 3.8169129E+001, 2.6537652E+001, 3.0000000E+001, 3.0000000E+001, 3.0000000E+001, 3.0000000E+001
 3.8255848E+001, 2.6481399E+001, 3.0000000E+001, 3.0000000E+001, 3.0000000E+001, 3.0000000E+001
 3.8342567E+001, 2.6435107E+001, 3.0000000E+001, 3.0000000E+001, 3.0000000E+001, 3.0000000E+001
 3.8429286E+001, 2.6398208E+001, 3.0000000E+001, 3.0000000E+001, 3.0000000E+001, 3.0000000E+001
 3.8516006E+001, 2.6370037E+001, 3.0000000E+001, 3.0000000E+001, 3.0000000E+001, 3.0000000E+001
 3.8602725E+001, 2.6349963E+001, 3.0000000E+001, 3.0000000E+001, 3.0000000E+001, 3.0000000E+001
 3.8689444E+001, 2.6337325E+001, 3.0000000E+001, 3.0000000E+001, 3.0000000E+001, 3.0000000E+001
 3.8776164E+001, 2.6331762E+001, 3.0000000E+001, 3.0000000E+001, 3.0000000E+001, 3.0000000E+001
 3.8862883E+001, 2.6333023E+001, 3.0000000E+001, 3.0000000E+001, 3.0000000E+001, 3.0000000E+001
 3.8949602E+001, 2.6340308E+001, 3.0000000E+001, 3.0000000E+001, 3.0000000E+001, 3.0000000E+001
 3.9036321E+001, 2.6353246E+001, 3.0000000E+001, 3.0000000E+001, 3.0000000E+001, 3.0000000E+001
 3.9123041E+001, 2.6371365E+001, 3.0000000E+001, 3.0000000E+001, 3.0000000E+001, 3.0000000E+001
 3.9209760E+001, 2.6393912E+001, 3.0000000E+001, 3.0000000E+001, 3.0000000E+001, 3.0000000E+001
 3.9296479E+001, 2.6420261E+001, 3.0000000E+001, 3.0000000E+001, 3.0000000E+001, 3.0000000E+001
 3.9383199E+001, 2.6449801E+001, 3.0000000E+001, 3.0000000E+001, 3.0000000E+001, 3.0000000E+001
 3.9469918E+001, 2.6482293E+001, 3.0000000E+001, 3.0000000E+001, 3.0000000E+001, 3.0000000E+001
 3.9556637E+001, 2.6516950E+001, 3.0000000E+001, 3.0000000E+001, 3.0000000E+001, 3.0000000E+001
 3.9643356E+001, 2.6553450E+001, 3.0000000E+001, 3.0000000E+001, 3.0000000E+001, 3.0000000E+001
 3.9730076E+001, 2.6591552E+001, 3.0000000E+001, 3.0000000E+001, 3.0000000E+001, 3.0000000E+001
 3.9816795E+001, 2.6631111E+001, 3.0000000E+001, 3.0000000E+001, 3.0000000E+001, 3.0000000E+001
 3.9903514E+001, 2.6672935E+001, 3.0000000E+001, 3.0000000E+001, 3.0000000E+001, 3.0000000E+001
 3.9990233E+001, 2.6718104E+001, 3.0000000E+001, 3.0000000E+001, 3.0000000E+001, 3.0000000E+001
 4.0076953E+001, 2.6766467E+001, 3.0000000E+001, 3.0000000E+001, 3.0000000E+001, 3.0000000E+001
 4.0163672E+001, 2.6817906E+001, 3.0000000E+001, 3.0000000E+001, 3.0000000E+001, 3.0000000E+001
 4.0241518E+001, 2.6866628E+001, 3.0000000E+001, 3.0000000E+001, 3.0000000E+001, 3.0000000E+001
 4.0319364E+001, 2.6917853E+001, 3.0000000E+001, 3.0000000E+001, 3.0000000E+001, 3.0000000E+001
 4.0397211E+001, 2.6971232E+001, 3.0000000E+001, 3.0000000E+001, 3.0000000E+001, 3.0000000E+001
 4.0475057E+001, 2.7027530E+001, 3.0000000E+001, 3.0000000E+001, 3.0000000E+001, 3.0000000E+001
 4.0552903E+001, 2.7087140E+001, 3.0000000E+001, 3.0000000E+001, 3.0000000E+001, 3.0000000E+001
 4.0630749E+001, 2.7149623E+001, 3.0000000E+001, 3.0000000E+001, 3.0000000E+001, 3.0000000E+001
 4.0708595E+001, 2.7214408E+001, 3.0000000E+001, 3.0000000E+001, 3.0000000E+001, 3.0000000E+001
 4.0786441E+001, 2.7281368E+001, 3.0000000E+001, 3.0000000E+001, 3.0000000E+001, 3.0000000E+001
 4.0864288E+001, 2.7350096E+001, 3.0000000E+001, 3.0000000E+001, 3.0000000E+001, 3.0000000E+001
 4.0942134E+001, 2.7420576E+001, 3.0000000E+001, 3.0000000E+001, 3.0000000E+001, 3.0000000E+001
 4.1019980E+001, 2.7492435E+001, 3.0000000E+001, 3.0000000E+001, 3.0000000E+001, 3.0000000E+001
 4.1097826E+001, 2.7565784E+001, 3.0000000E+001, 3.0000000E+001, 3.0000000E+001, 3.0000000E+001
 4.1166209E+001, 2.7632087E+001, 3.0000000E+001, 3.0000000E+001, 3.0000000E+001, 3.0000000E+001
 4.1234591E+001, 2.7699974E+001, 3.0000000E+001, 3.0000000E+001, 3.0000000E+001, 3.0000000E+001
 4.1302974E+001, 2.7769114E+001, 3.0000000E+001, 3.0000000E+001, 3.0000000E+001, 3.0000000E+001
 4.1371356E+001, 2.7839620E+001, 3.0000000E+001, 3.0000000E+001, 3.0000000E+001, 3.0000000E+001
 4.1439739E+001, 2.7911490E+001, 3.0000000E+001, 3.0000000E+001, 3.0000000E+001, 3.0000000E+001
 4.1508121E+001, 2.7984728E+001, 3.0000000E+001, 3.0000000E+001, 3.0000000E+001, 3.0000000E+001
 4.1576504E+001, 2.8059167E+001, 3.0000000E+001, 3.0000000E+001, 3.0000000E+001, 3.0000000E+001
 4.1644887E+001, 2.8134509E+001, 3.0000000E+001, 3.0000000E+001, 3.0000000E+001, 3.0000000E+001
 4.1713269E+001, 2.8210951E+001, 3.0000000E+001, 3.0000000E+001, 3.0000000E+001, 3.0000000E+001
 4.1781652E+001, 2.8288684E+001, 3.0000000E+001, 3.0000000E+001, 3.0000000E+001, 3.0000000E+001
 4.1850034E+001, 2.8367604E+001, 3.0000000E+001, 3.0000000E+001, 3.0000000E+001, 3.0000000E+001
 4.1918417E+001, 2.8448082E+001, 3.0000000E+001, 3.0000000E+001, 3.0000000E+001, 3.0000000E+001
 4.1986799E+001, 2.8530868E+001, 3.0000000E+001, 3.0000000E+001, 3.0000000E+001, 3.0000000E+001
 4.2055182E+001, 2.8616099E+001, 3.0000000E+001, 3.0000000E+001, 3.0000000E+001, 3.0000000E+001
 4.2123564E+001, 2.8703845E+001, 3.0000000E+001, 3.0000000E+001, 3.0000000E+001, 3.0000000E+001
 4.2198785E+001, 2.8803178E+001, 3.0000000E+001, 3.0000000E+001, 3.0000000E+001, 3.0000000E+001
 4.2274006E+001, 2.8904743E+001, 3.0000000E+001, 3.0000000E+001, 3.0000000E+001, 3.0000000E+001
 4.2349227E+001, 2.9008608E+001, 3.0000000E+001, 3.0000000E+001, 3.0000000E+001, 3.0000000E+001
 4.2424448E+001, 2.9114260E+001, 3.0000000E+001, 3.0000000E+001, 3.0000000E+001, 3.0000000E+001
 4.2499668E+001, 2.9221440E+001, 3.0000000E+001, 3.0000000E+001, 3.0000000E+001, 3.0000000E+001
 4.2574889E+001, 2.9330305E+001, 3.0000000E+001, 3.0000000E+001, 3.0000000E+001, 3.0000000E+001
 4.2650110E+001, 2.9441505E+001, 3.0000000E+001, 3.0000000E+001, 3.0000000E+001, 3.0000000E+001
 4.2725331E+001, 2.9554410E+001, 3.0000000E+001, 3.0000000E+001, 3.0000000E+001, 3.0000000E+001
 4.2800552E+001, 2.9668134E+001, 3.0000000E+001, 3.0000000E+001, 3.0000000E+001, 3.0000000E+001
 4.2875772E+001, 2.9782407E+001, 3.0000000E+001, 3.0000000E+001, 3.0000000E+001, 3.0000000E+001
 4.2950993E+001, 2.9896527E+001, 3.0000000E+001, 3.0000000E+001, 3.0000000E+001, 3.0000000E+001
 4.3026214E+001, 3.0009928E+001, 3.0000000E+001, 3.0000000E+001, 3.0000000E+001, 3.0000000E+001
 4.3101435E+001, 3.0121691E+001, 3.0000000E+001, 3.0000000E+001, 3.0000000E+001, 3.0000000E+001
 4.3176656E+001, 3.0230798E+001, 3.0000000E+001, 3.0000000E+001, 3.0000000E+001, 3.0000000E+001
 4.3251876E+001, 3.0336954E+001, 3.0000000E+001, 3.0000000E+001, 3.0000000E+001, 3.0000000E+001
 4.3327097E+001, 3.0439724E+001, 3.0000000E+001, 3.0000000E+001, 3.0000000E+001, 3.0000000E+001
 4.3402318E+001, 3.0539546E+001, 3.0000000E+001, 3.0000000E+001, 3.0000000E+001, 3.0000000E+001
 4.3477539E+001, 3.0636203E+001, 3.0000000E+001, 3.0000000E+001, 3.0000000E+001, 3.0000000E+001
 4.3552760E+001, 3.0729950E+001, 3.0000000E+001, 3.0000000E+001, 3.0000000E+001, 3.0000000E+001
 4.3627980E+001, 3.0820770E+001, 3.0000000E+001, 3.0000000E+001, 3.0000000E+001, 3.0000000E+001
 4.3703201E+001, 3.0908410E+001, 3.0000000E+001, 3.0000000E+001, 3.0000000E+001, 3.0000000E+001
 4.3778422E+001, 3.0993161E+001, 3.0000000E+001, 3.0000000E+001, 3.0000000E+001, 3.0000000E+001
 4.3853643E+001, 3.1075101E+001, 3.0000000E+001, 3.0000000E+001, 3.0000000E+001, 3.0000000E+001
 4.3928864E+001, 3.1154837E+001, 3.0000000E+001, 3.0000000E+001, 3.0000000E+001, 3.0000000E+001
 4.4004084E+001, 3.1232799E+001, 3.0000000E+001, 3.0000000E+001, 3.0000000E+001, 3.0000000E+001
 4.4079305E+001, 3.1308850E+001, 3.0000000E+001, 3.0000000E+001, 3.0000000E+001, 3.0000000E+001
 4.4154526E+001, 3.1383152E+001, 3.0000000E+001, 3.0000000E+001, 3.0000000E+001, 3.0000000E+001
 4.4229747E+001, 3.1455421E+001, 3.0000000E+001, 3.0000000E+001, 3.0000000E+001, 3.0000000E+001
 4.4304968E+001, 3.1526190E+001, 3.0000000E+001, 3.0000000E+001, 3.0000000E+001, 3.0000000E+001
 4.4380188E+001, 3.1595717E+001, 3.0000000E+001, 3.0000000E+001, 3.0000000E+001, 3.0000000E+001
 4.4455409E+001, 3.1664405E+001, 3.0000000E+001, 3.0000000E+001, 3.0000000E+001, 3.0000000E+001
 4.4530630E+001, 3.1732655E+001, 3.0000000E+001, 3.0000000E+001, 3.0000000E+001, 3.0000000E+001
 4.4605851E+001, 3.1800323E+001, 3.0000000E+001, 3.0000000E+001, 3.0000000E+001, 3.0000000E+001
 4.4681072E+001, 3.1867280E+001, 3.0000000E+001, 3.0000000E+001, 3.0000000E+001, 3.0000000E+001
 4.4756292E+001, 3.1932841E+001, 3.0000000E+001, 3.0000000E+001, 3.0000000E+001, 3.0000000E+001
 4.4831513E+001, 3.1996282E+001, 3.0000000E+001, 3.0000000E+001, 3.0000000E+001, 3.0000000E+001
 4.4906734E+001, 3.2058237E+001, 3.0000000E+001, 3.0000000E+001, 3.0000000E+001, 3.0000000E+001
 4.4981955E+001, 3.2118767E+001, 3.0000000E+001, 3.0000000E+001, 3.0000000E+001, 3.0000000E+001
 4.5057176E+001, 3.2177970E+001, 3.0000000E+001, 3.0000000E+001, 3.0000000E+001, 3.0000000E+001
 4.5132396E+001, 3.2235763E+001, 3.0000000E+001, 3.0000000E+001, 3.0000000E+001, 3.0000000E+001
 4.5207617E+001, 3.2291516E+001, 3.0000000E+001, 3.0000000E+001, 3.0000000E+001, 3.0000000E+001
 4.5282838E+001, 3.2344459E+001, 3.0000000E+001, 3.0000000E+001, 3.0000000E+001, 3.0000000E+001
 4.5358059E+001, 3.2394373E+001, 3.0000000E+001, 3.0000000E+001, 3.0000000E+001, 3.0000000E+001
 4.5433280E+001, 3.2441568E+001, 3.0000000E+001, 3.0000000E+001, 3.0000000E+001, 3.0000000E+001
 4.5508501E+001, 3.2486526E+001, 3.0000000E+001, 3.0000000E+001, 3.0000000E+001, 3.0000000E+001
 4.5583721E+001, 3.2529333E+001, 3.0000000E+001, 3.0000000E+001, 3.0000000E+001, 3.0000000E+001
 4.5658942E+001, 3.2571103E+001, 3.0000000E+001, 3.0000000E+001, 3.0000000E+001, 3.0000000E+001
 4.5734163E+001, 3.2612278E+001, 3.0000000E+001, 3.0000000E+001, 3.0000000E+001, 3.0000000E+001
 4.5809384E+001, 3.2653080E+001, 3.0000000E+001, 3.0000000E+001, 3.0000000E+001, 3.0000000E+001
 4.5884605E+001, 3.2694009E+001, 3.0000000E+001, 3.0000000E+001, 3.0000000E+001, 3.0000000E+001
 4.5959825E+001, 3.2734995E+001, 3.0000000E+001, 3.0000000E+001, 3.0000000E+001, 3.0000000E+001
 4.6035046E+001, 3.2776127E+001, 3.0000000E+001, 3.0000000E+001, 3.0000000E+001, 3.0000000E+001
 4.6110267E+001, 3.2817429E+001, 3.0000000E+001, 3.0000000E+001, 3.0000000E+001, 3.0000000E+001
 4.6185488E+001, 3.2858685E+001, 3.0000000E+001, 3.0000000E+001, 3.0000000E+001, 3.0000000E+001
 4.6260709E+001, 3.2899956E+001, 3.0000000E+001, 3.0000000E+001, 3.0000000E+001, 3.0000000E+001
 4.6335929E+001, 3.2942400E+001, 3.0000000E+001, 3.0000000E+001, 3.0000000E+001, 3.0000000E+001
 4.6411150E+001, 3.2985374E+001, 3.0000000E+001, 3.0000000E+001, 3.0000000E+001, 3.0000000E+001
 4.6486371E+001, 3.3028847E+001, 3.0000000E+001, 3.0000000E+001, 3.0000000E+001, 3.0000000E+001
 4.6561592E+001, 3.3072731E+001, 3.0000000E+001, 3.0000000E+001, 3.0000000E+001, 3.0000000E+001
 4.6636813E+001, 3.3117584E+001, 3.0000000E+001, 3.0000000E+001, 3.0000000E+001, 3.0000000E+001
 4.6712033E+001, 3.3163775E+001, 3.0000000E+001, 3.0000000E+001, 3.0000000E+001, 3.0000000E+001
 4.6787254E+001, 3.3210705E+001, 3.0000000E+001, 3.0000000E+001, 3.0000000E+001, 3.0000000E+001
 4.6862475E+001, 3.3258358E+001, 3.0000000E+001, 3.0000000E+001, 3.0000000E+001, 3.0000000E+001
 4.6937696E+001, 3.3307156E+001, 3.0000000E+001, 3.0000000E+001, 3.0000000E+001, 3.0000000E+001
 4.7012917E+001, 3.3358239E+001, 3.0000000E+001, 3.0000000E+001, 3.0000000E+001, 3.0000000E+001
 4.7088137E+001, 3.3412314E+001, 3.0000000E+001, 3.0000000E+001, 3.0000000E+001, 3.0000000E+001
 4.7163358E+001, 3.3469150E+001, 3.0000000E+001, 3.0000000E+001, 3.0000000E+001, 3.0000000E+001
 4.7238579E+001, 3.3529106E+001, 3.0000000E+001, 3.0000000E+001, 3.0000000E+001, 3.0000000E+001
 4.7313800E+001, 3.3592367E+001, 3.0000000E+001, 3.0000000E+001, 3.0000000E+001, 3.0000000E+001
 4.7389021E+001, 3.3657171E+001, 3.0000000E+001, 3.0000000E+001, 3.0000000E+001, 3.0000000E+001
 4.7464241E+001, 3.3721913E+001, 3.0000000E+001, 3.0000000E+001, 3.0000000E+001, 3.0000000E+001
 4.7539462E+001, 3.3785973E+001, 3.0000000E+001, 3.0000000E+001, 3.0000000E+001, 3.0000000E+001
 4.7614683E+001, 3.3849500E+001, 3.0000000E+001, 3.0000000E+001, 3.0000000E+001, 3.0000000E+001
 4.7689904E+001, 3.3912330E+001, 3.0000000E+001, 3.0000000E+001, 3.0000000E+001, 3.0000000E+001
 4.7765125E+001, 3.3974503E+001, 3.0000000E+001, 3.0000000E+001, 3.0000000E+001, 3.0000000E+001
 4.7840345E+001, 3.4035894E+001, 3.0000000E+001, 3.0000000E+001, 3.0000000E+001, 3.0000000E+001
 4.7915566E+001, 3.4096347E+001, 3.0000000E+001, 3.0000000E+001, 3.0000000E+001, 3.0000000E+001
 4.7990787E+001, 3.4155618E+001, 3.0000000E+001, 3.0000000E+001, 3.0000000E+001, 3.0000000E+001
 4.8056654E+001, 3.4206454E+001, 3.0000000E+001, 3.0000000E+001, 3.0000000E+001, 3.0000000E+001
 4.8122521E+001, 3.4256797E+001, 3.0000000E+001, 3.0000000E+001, 3.0000000E+001, 3.0000000E+001
 4.8188388E+001, 3.4306194E+001, 3.0000000E+001, 3.0000000E+001, 3.0000000E+001, 3.0000000E+001
 4.8254255E+001, 3.4354775E+001, 3.0000000E+001, 3.0000000E+001, 3.0000000E+001, 3.0000000E+001
 4.8320122E+001, 3.4402844E+001, 3.0000000E+001, 3.0000000E+001, 3.0000000E+001, 3.0000000E+001
 4.8385989E+001, 3.4450946E+001, 3.0000000E+001, 3.0000000E+001, 3.0000000E+001, 3.0000000E+001
 4.8451856E+001, 3.4499373E+001, 3.0000000E+001, 3.0000000E+001, 3.0000000E+001, 3.0000000E+001
 4.8517723E+001, 3.4547938E+001, 3.0000000E+001, 3.0000000E+001, 3.0000000E+001, 3.0000000E+001
 4.8590177E+001, 3.4601236E+001, 3.0000000E+001, 3.0000000E+001, 3.0000000E+001, 3.0000000E+001
 4.8662631E+001, 3.4654450E+001, 3.0000000E+001, 3.0000000E+001, 3.0000000E+001, 3.0000000E+001
 4.8735084E+001, 3.4707855E+001, 3.0000000E+001, 3.0000000E+001, 3.0000000E+001, 3.0000000E+001
 4.8807538E+001, 3.4761015E+001, 3.0000000E+001, 3.0000000E+001, 3.0000000E+001, 3.0000000E+001
 4.8879992E+001, 3.4813961E+001, 3.0000000E+001, 3.0000000E+001, 3.0000000E+001, 3.0000000E+001
 4.8952445E+001, 3.4866136E+001, 3.0000000E+001, 3.0000000E+001, 3.0000000E+001, 3.0000000E+001
 4.9024899E+001, 3.4917554E+001, 3.0000000E+001, 3.0000000E+001, 3.0000000E+001, 3.0000000E+001
 4.9097353E+001, 3.4967949E+001, 3.0000000E+001, 3.0000000E+001, 3.0000000E+001, 3.0000000E+001
 4.9169807E+001, 3.5017197E+001, 3.0000000E+001, 3.0000000E+001, 3.0000000E+001, 3.0000000E+001
 4.9242260E+001, 3.5065414E+001, 3.0000000E+001, 3.0000000E+001, 3.0000000E+001, 3.0000000E+001
 4.9314714E+001, 3.5112329E+001, 3.0000000E+001, 3.0000000E+001, 3.0000000E+001, 3.0000000E+001
 4.9387168E+001, 3.5157653E+001, 3.0000000E+001, 3.0000000E+001, 3.0000000E+001, 3.0000000E+001
 4.9459622E+001, 3.5200879E+001, 3.0000000E+001, 3.0000000E+001, 3.0000000E+001, 3.0000000E+001
 4.9532075E+001, 3.5241487E+001, 3.0000000E+001, 3.0000000E+001, 3.0000000E+001, 3.0000000E+001
 4.9604529E+001, 3.5279827E+001, 3.0000000E+001, 3.0000000E+001, 3.0000000E+001, 3.0000000E+001
 4.9676983E+001, 3.5315975E+001, 3.0000000E+001, 3.0000000E+001, 3.0000000E+001, 3.0000000E+001
 4.9749436E+001, 3.5349509E+001, 3.0000000E+001, 3.0000000E+001, 3.0000000E+001, 3.0000000E+001
 4.9821890E+001, 3.5380086E+001, 3.0000000E+001, 3.0000000E+001, 3.0000000E+001, 3.0000000E+001
 4.9894344E+001, 3.5407564E+001, 3.0000000E+001, 3.0000000E+001, 3.0000000E+001, 3.0000000E+001
 4.9966798E+001, 3.5431923E+001, 3.0000000E+001, 3.0000000E+001, 3.0000000E+001, 3.0000000E+001
 5.0039251E+001, 3.5451688E+001, 3.0000000E+001, 3.0000000E+001, 3.0000000E+001, 3.0000000E+001
 5.0111705E+001, 3.5464149E+001, 3.0000000E+001, 3.0000000E+001, 3.0000000E+001, 3.0000000E+001
 5.0184159E+001, 3.5468475E+001, 3.0000000E+001, 3.0000000E+001, 3.0000000E+001, 3.0000000E+001
 5.0256612E+001, 3.5465272E+001, 3.0000000E+001, 3.0000000E+001, 3.0000000E+001, 3.0000000E+001
 5.0329066E+001, 3.5455669E+001, 3.0000000E+001, 3.0000000E+001, 3.0000000E+001, 3.0000000E+001
 5.0401520E+001, 3.5440339E+001, 3.0000000E+001, 3.0000000E+001, 3.0000000E+001, 3.0000000E+001
 5.0473974E+001, 3.5419986E+001, 3.0000000E+001, 3.0000000E+001, 3.0000000E+001, 3.0000000E+001
 5.0546427E+001, 3.5394968E+001, 3.0000000E+001, 3.0000000E+001, 3.0000000E+001, 3.0000000E+001
 5.0618881E+001, 3.5365570E+001, 3.0000000E+001, 3.0000000E+001, 3.0000000E+001, 3.0000000E+001
 5.0698580E+001, 3.5328277E+001, 3.0000000E+001, 3.0000000E+001, 3.0000000E+001, 3.0000000E+001
 5.0778279E+001, 3.5285151E+001, 3.0000000E+001, 3.0000000E+001, 3.0000000E+001, 3.0000000E+001
 5.0857978E+001, 3.5236933E+001, 3.0000000E+001, 3.0000000E+001, 3.0000000E+001, 3.0000000E+001
 5.0937677E+001, 3.5184359E+001, 3.0000000E+001, 3.0000000E+001, 3.0000000E+001, 3.0000000E+001
 5.1017377E+001, 3.5127756E+001, 3.0000000E+001, 3.0000000E+001, 3.0000000E+001, 3.0000000E+001
 5.1097076E+001, 3.5067984E+001, 3.0000000E+001, 3.0000000E+001, 3.0000000E+001, 3.0000000E+001
 5.1176775E+001, 3.5005449E+001, 3.0000000E+001, 3.0000000E+001, 3.0000000E+001, 3.0000000E+001
 5.1256474E+001, 3.4940965E+001, 3.0000000E+001, 3.0000000E+001, 3.0000000E+001, 3.0000000E+001
 5.1336173E+001, 3.4876128E+001, 3.0000000E+001, 3.0000000E+001, 3.0000000E+001, 3.0000000E+001
 5.1415872E+001, 3.4812187E+001, 3.0000000E+001, 3.0000000E+001, 3.0000000E+001, 3.0000000E+001
 5.1495571E+001, 3.4749417E+001, 3.0000000E+001, 3.0000000E+001, 3.0000000E+001, 3.0000000E+001
 5.1575270E+001, 3.4688469E+001, 3.0000000E+001, 3.0000000E+001, 3.0000000E+001, 3.0000000E+001
 5.1654969E+001, 3.4629622E+001, 3.0000000E+001, 3.0000000E+001, 3.0000000E+001, 3.0000000E+001
 5.1734668E+001, 3.4573054E+001, 3.0000000E+001, 3.0000000E+001, 3.0000000E+001, 3.0000000E+001
 5.1814367E+001, 3.4518676E+001, 3.0000000E+001, 3.0000000E+001, 3.0000000E+001, 3.0000000E+001
 5.1894067E+001, 3.4464557E+001, 3.0000000E+001, 3.0000000E+001, 3.0000000E+001, 3.0000000E+001
 5.1973766E+001, 3.4410230E+001, 3.0000000E+001, 3.0000000E+001, 3.0000000E+001, 3.0000000E+001
 5.2053465E+001, 3.4356267E+001, 3.0000000E+001, 3.0000000E+001, 3.0000000E+001, 3.0000000E+001
 5.2133164E+001, 3.4303252E+001, 3.0000000E+001, 3.0000000E+001, 3.0000000E+001, 3.0000000E+001
 5.2212863E+001, 3.4250852E+001, 3.0000000E+001, 3.0000000E+001, 3.0000000E+001, 3.0000000E+001
 5.2292562E+001, 3.4200211E+001, 3.0000000E+001, 3.0000000E+001, 3.0000000E+001, 3.0000000E+001
 5.2372261E+001, 3.4152206E+001, 3.0000000E+001, 3.0000000E+001, 3.0000000E+001, 3.0000000E+001
 5.2451960E+001, 3.4107275E+001, 3.0000000E+001, 3.0000000E+001, 3.0000000E+001, 3.0000000E+001
 5.2531659E+001, 3.4066029E+001, 3.0000000E+001, 3.0000000E+001, 3.0000000E+001, 3.0000000E+001
 5.2611358E+001, 3.4029334E+001, 3.0000000E+001, 3.0000000E+001, 3.0000000E+001, 3.0000000E+001
 5.2691057E+001, 3.3997954E+001, 3.0000000E+001, 3.0000000E+001, 3.0000000E+001, 3.0000000E+001
 5.2770757E+001, 3.3972842E+001, 3.0000000E+001, 3.0000000E+001, 3.0000000E+001, 3.0000000E+001
 5.2850456E+001, 3.3954968E+001, 3.0000000E+001, 3.0000000E+001, 3.0000000E+001, 3.0000000E+001
 5.2930155E+001, 3.3945044E+001, 3.0000000E+001, 3.0000000E+001, 3.0000000E+001, 3.0000000E+001
 5.3009854E+001, 3.3943804E+001, 3.0000000E+001, 3.0000000E+001, 3.0000000E+001, 3.0000000E+001
 5.3089553E+001, 3.3952271E+001, 3.0000000E+001, 3.0000000E+001, 3.0000000E+001, 3.0000000E+001
 5.3169252E+001, 3.3971356E+001, 3.0000000E+001, 3.0000000E+001, 3.0000000E+001, 3.0000000E+001
 5.3248951E+001, 3.4001514E+001, 3.0000000E+001, 3.0000000E+001, 3.0000000E+001, 3.0000000E+001
 5.3328650E+001, 3.4043484E+001, 3.0000000E+001, 3.0000000E+001, 3.0000000E+001, 3.0000000E+001
 5.3408349E+001, 3.4097817E+001, 3.0000000E+001, 3.0000000E+001, 3.0000000E+001, 3.0000000E+001
 5.3488048E+001, 3.4164935E+001, 3.0000000E+001, 3.0000000E+001, 3.0000000E+001, 3.0000000E+001
 5.3567748E+001, 3.4244230E+001, 3.0000000E+001, 3.0000000E+001, 3.0000000E+001, 3.0000000E+001
 5.3647447E+001, 3.4333177E+001, 3.0000000E+001, 3.0000000E+001, 3.0000000E+001, 3.0000000E+001
 5.3727146E+001, 3.4427909E+001, 3.0000000E+001, 3.0000000E+001, 3.0000000E+001, 3.0000000E+001
 5.3806845E+001, 3.4527913E+001, 3.0000000E+001, 3.0000000E+001, 3.0000000E+001, 3.0000000E+001
 5.3886544E+001, 3.4633137E+001, 3.0000000E+001, 3.0000000E+001, 3.0000000E+001, 3.0000000E+001
 5.3966243E+001, 3.4744927E+001, 3.0000000E+001, 3.0000000E+001, 3.0000000E+001, 3.0000000E+001
 5.4045942E+001, 3.4863432E+001, 3.0000000E+001, 3.0000000E+001, 3.0000000E+001, 3.0000000E+001
 5.4125641E+001, 3.4988695E+001, 3.0000000E+001, 3.0000000E+001, 3.0000000E+001, 3.0000000E+001
 5.4205340E+001, 3.5125515E+001, 3.0000000E+001, 3.0000000E+001, 3.0000000E+001, 3.0000000E+001
 5.4285039E+001, 3.5281981E+001, 3.0000000E+001, 3.0000000E+001, 3.0000000E+001, 3.0000000E+001
 5.4364738E+001, 3.5460339E+001, 3.0000000E+001, 3.0000000E+001, 3.0000000E+001, 3.0000000E+001
 5.4444438E+001, 3.5657867E+001, 3.0000000E+001, 3.0000000E+001, 3.0000000E+001, 3.0000000E+001
 5.4524137E+001, 3.5869061E+001, 3.0000000E+001, 3.0000000E+001, 3.0000000E+001, 3.0000000E+001
 5.4603836E+001, 3.6089225E+001, 3.0000000E+001, 3.0000000E+001, 3.0000000E+001, 3.0000000E+001
 5.4763234E+001, 3.6434600E+001, 3.0000000E+001, 3.0000000E+001, 3.0000000E+001, 3.0000000E+001
 5.4842933E+001, 3.6788250E+001, 3.0000000E+001, 3.0000000E+001, 3.0000000E+001, 3.0000000E+001
 5.4922632E+001, 3.7025645E+001, 3.0000000E+001, 3.0000000E+001, 3.0000000E+001, 3.0000000E+001
 5.5002331E+001, 3.7262401E+001, 3.0000000E+001, 3.0000000E+001, 3.0000000E+001, 3.0000000E+001
 5.5161729E+001, 3.7607775E+001, 3.0000000E+001, 3.0000000E+001, 3.0000000E+001, 3.0000000E+001
 5.5241428E+001, 3.7940606E+001, 3.0000000E+001, 3.0000000E+001, 3.0000000E+001, 3.0000000E+001
 5.5321128E+001, 3.8151694E+001, 3.0000000E+001, 3.0000000E+001, 3.0000000E+001, 3.0000000E+001
 5.5400827E+001, 3.8352408E+001, 3.0000000E+001, 3.0000000E+001, 3.0000000E+001, 3.0000000E+001
 5.5560225E+001, 3.8631494E+001, 3.0000000E+001, 3.0000000E+001, 3.0000000E+001, 3.0000000E+001
 5.5639924E+001, 3.8888872E+001, 3.0000000E+001, 3.0000000E+001, 3.0000000E+001, 3.0000000E+001
 5.5719623E+001, 3.9046723E+001, 3.0000000E+001, 3.0000000E+001, 3.0000000E+001, 3.0000000E+001
 5.5869170E+001, 3.9252596E+001, 3.0000000E+001, 3.0000000E+001, 3.0000000E+001, 3.0000000E+001
 5.5939018E+001, 3.9435312E+001, 3.0000000E+001, 3.0000000E+001, 3.0000000E+001, 3.0000000E+001
 5.6008866E+001, 3.9547390E+001, 3.0000000E+001, 3.0000000E+001, 3.0000000E+001, 3.0000000E+001
 5.6148562E+001, 3.9707506E+001, 3.0000000E+001, 3.0000000E+001, 3.0000000E+001, 3.0000000E+001
 5.6218410E+001, 3.9860733E+001, 3.0000000E+001, 3.0000000E+001, 3.0000000E+001, 3.0000000E+001
 5.6358106E+001, 4.0006410E+001, 3.0000000E+001, 3.0000000E+001, 3.0000000E+001, 3.0000000E+001
 5.6427954E+001, 4.0145624E+001, 3.0000000E+001, 3.0000000E+001, 3.0000000E+001, 3.0000000E+001
 5.6567650E+001, 4.0277950E+001, 3.0000000E+001, 3.0000000E+001, 3.0000000E+001, 3.0000000E+001
 5.6637498E+001, 4.0404868E+001, 3.0000000E+001, 3.0000000E+001, 3.0000000E+001, 3.0000000E+001
 5.6707346E+001, 4.0485109E+001, 3.0000000E+001, 3.0000000E+001, 3.0000000E+001, 3.0000000E+001
 5.6847042E+001, 4.0599517E+001, 3.0000000E+001, 3.0000000E+001, 3.0000000E+001, 3.0000000E+001
 5.6916890E+001, 4.0707751E+001, 3.0000000E+001, 3.0000000E+001, 3.0000000E+001, 3.0000000E+001
 5.7056586E+001, 4.0808659E+001, 3.0000000E+001, 3.0000000E+001, 3.0000000E+001, 3.0000000E+001
 5.7126434E+001, 4.0904517E+001, 3.0000000E+001, 3.0000000E+001, 3.0000000E+001, 3.0000000E+001
 5.7266130E+001, 4.0994630E+001, 3.0000000E+001, 3.0000000E+001, 3.0000000E+001, 3.0000000E+001
 5.7335978E+001, 4.1080793E+001, 3.0000000E+001, 3.0000000E+001, 3.0000000E+001, 3.0000000E+001
 5.7405826E+001, 4.1135554E+001, 3.0000000E+001, 3.0000000E+001, 3.0000000E+001, 3.0000000E+001
 5.7545522E+001, 4.1211178E+001, 3.0000000E+001, 3.0000000E+001, 3.0000000E+001, 3.0000000E+001
 5.7615370E+001, 4.1280271E+001, 3.0000000E+001, 3.0000000E+001, 3.0000000E+001, 3.0000000E+001
 5.7755066E+001, 4.1339961E+001, 3.0000000E+001, 3.0000000E+001, 3.0000000E+001, 3.0000000E+001
 5.7824914E+001, 4.1391580E+001, 3.0000000E+001, 3.0000000E+001, 3.0000000E+001, 3.0000000E+001
 5.7964609E+001, 4.1433278E+001, 3.0000000E+001, 3.0000000E+001, 3.0000000E+001, 3.0000000E+001
 5.8034457E+001, 4.1466583E+001, 3.0000000E+001, 3.0000000E+001, 3.0000000E+001, 3.0000000E+001
 5.8104305E+001, 4.1482742E+001, 3.0000000E+001, 3.0000000E+001, 3.0000000E+001, 3.0000000E+001
 5.8244001E+001, 4.1503886E+001, 3.0000000E+001, 3.0000000E+001, 3.0000000E+001, 3.0000000E+001
 5.8313849E+001, 4.1525095E+001, 3.0000000E+001, 3.0000000E+001, 3.0000000E+001, 3.0000000E+001
 5.8453545E+001, 4.1546918E+001, 3.0000000E+001, 3.0000000E+001, 3.0000000E+001, 3.0000000E+001
 5.8523393E+001, 4.1570455E+001, 3.0000000E+001, 3.0000000E+001, 3.0000000E+001, 3.0000000E+001
 5.8663089E+001, 4.1592825E+001, 3.0000000E+001, 3.0000000E+001, 3.0000000E+001, 3.0000000E+001
 5.8732937E+001, 4.1613146E+001, 3.0000000E+001, 3.0000000E+001, 3.0000000E+001, 3.0000000E+001
 5.8802785E+001, 4.1623025E+001, 3.0000000E+001, 3.0000000E+001, 3.0000000E+001, 3.0000000E+001
 5.8942481E+001, 4.1633173E+001, 3.0000000E+001, 3.0000000E+001, 3.0000000E+001, 3.0000000E+001
 5.9012329E+001, 4.1640368E+001, 3.0000000E+001, 3.0000000E+001, 3.0000000E+001, 3.0000000E+001
 5.9152025E+001, 4.1644185E+001, 3.0000000E+001, 3.0000000E+001, 3.0000000E+001, 3.0000000E+001
 5.9221873E+001, 4.1646201E+001, 3.0000000E+001, 3.0000000E+001, 3.0000000E+001, 3.0000000E+001
 5.9361569E+001, 4.1647166E+001, 3.0000000E+001, 3.0000000E+001, 3.0000000E+001, 3.0000000E+001
 5.9431417E+001, 4.1649206E+001, 3.0000000E+001, 3.0000000E+001, 3.0000000E+001, 3.0000000E+001
 5.9501265E+001, 4.1652143E+001, 3.0000000E+001, 3.0000000E+001, 3.0000000E+001, 3.0000000E+001
 5.9640961E+001, 4.1660439E+001, 3.0000000E+001, 3.0000000E+001, 3.0000000E+001, 3.0000000E+001
 5.9710809E+001, 4.1674004E+001, 3.0000000E+001, 3.0000000E+001, 3.0000000E+001, 3.0000000E+001
 5.9850505E+001, 4.1696291E+001, 3.0000000E+001, 3.0000000E+001, 3.0000000E+001, 3.0000000E+001
 5.9920353E+001, 4.1726890E+001, 3.0000000E+001, 3.0000000E+001, 3.0000000E+001, 3.0000000E+001
 6.0060049E+001, 4.1767757E+001, 3.0000000E+001, 3.0000000E+001, 3.0000000E+001, 3.0000000E+001
 6.0129897E+001, 4.1816341E+001, 3.0000000E+001, 3.0000000E+001, 3.0000000E+001, 3.0000000E+001
 6.0269593E+001, 4.1874296E+001, 3.0000000E+001, 3.0000000E+001, 3.0000000E+001, 3.0000000E+001
 6.0339441E+001, 4.1940727E+001, 3.0000000E+001, 3.0000000E+001, 3.0000000E+001, 3.0000000E+001
 6.0409289E+001, 4.1990905E+001, 3.0000000E+001, 3.0000000E+001, 3.0000000E+001, 3.0000000E+001
 6.0548985E+001, 4.2074959E+001, 3.0000000E+001, 3.0000000E+001, 3.0000000E+001, 3.0000000E+001
 6.0611180E+001, 4.2161084E+001, 3.0000000E+001, 3.0000000E+001, 3.0000000E+001, 3.0000000E+001
 6.0735571E+001, 4.2256909E+001, 3.0000000E+001, 3.0000000E+001, 3.0000000E+001, 3.0000000E+001
 6.0859962E+001, 4.2409207E+001, 3.0000000E+001, 3.0000000E+001, 3.0000000E+001, 3.0000000E+001
 6.0922157E+001, 4.2547322E+001, 3.0000000E+001, 3.0000000E+001, 3.0000000E+001, 3.0000000E+001
 6.1046548E+001, 4.2714444E+001, 3.0000000E+001, 3.0000000E+001, 3.0000000E+001, 3.0000000E+001
 6.1108744E+001, 4.2906609E+001, 3.0000000E+001, 3.0000000E+001, 3.0000000E+001, 3.0000000E+001
 6.1239354E+001, 4.3136804E+001, 3.0000000E+001, 3.0000000E+001, 3.0000000E+001, 3.0000000E+001
 6.1307769E+001, 4.3394028E+001, 3.0000000E+001, 3.0000000E+001, 3.0000000E+001, 3.0000000E+001
 6.1444599E+001, 4.3674242E+001, 3.0000000E+001, 3.0000000E+001, 3.0000000E+001, 3.0000000E+001
 6.1513014E+001, 4.3961481E+001, 3.0000000E+001, 3.0000000E+001, 3.0000000E+001, 3.0000000E+001
 6.1649844E+001, 4.4248623E+001, 3.0000000E+001, 3.0000000E+001, 3.0000000E+001, 3.0000000E+001
 6.1718259E+001, 4.4534789E+001, 3.0000000E+001, 3.0000000E+001, 3.0000000E+001, 3.0000000E+001
 6.1855089E+001, 4.4823545E+001, 3.0000000E+001, 3.0000000E+001, 3.0000000E+001, 3.0000000E+001
 6.1923504E+001, 4.5106744E+001, 3.0000000E+001, 3.0000000E+001, 3.0000000E+001, 3.0000000E+001
 6.2060334E+001, 4.5372004E+001, 3.0000000E+001, 3.0000000E+001, 3.0000000E+001, 3.0000000E+001
 6.2128749E+001, 4.5616694E+001, 3.0000000E+001, 3.0000000E+001, 3.0000000E+001, 3.0000000E+001
 6.2265579E+001, 4.5831777E+001, 3.0000000E+001, 3.0000000E+001, 3.0000000E+001, 3.0000000E+001
 6.2333994E+001, 4.6022035E+001, 3.0000000E+001, 3.0000000E+001, 3.0000000E+001, 3.0000000E+001
 6.2402409E+001, 4.6132051E+001, 3.0000000E+001, 3.0000000E+001, 3.0000000E+001, 3.0000000E+001
 6.2539239E+001, 4.6270508E+001, 3.0000000E+001, 3.0000000E+001, 3.0000000E+001, 3.0000000E+001
 6.2607654E+001, 4.6380740E+001, 3.0000000E+001, 3.0000000E+001, 3.0000000E+001, 3.0000000E+001
 6.2744484E+001, 4.6456803E+001, 3.0000000E+001, 3.0000000E+001, 3.0000000E+001, 3.0000000E+001
 6.2819740E+001, 4.6506649E+001, 3.0000000E+001, 3.0000000E+001, 3.0000000E+001, 3.0000000E+001
 6.2970253E+001, 4.6520591E+001, 3.0000000E+001, 3.0000000E+001, 3.0000000E+001, 3.0000000E+001
 6.3045509E+001, 4.6512458E+001, 3.0000000E+001, 3.0000000E+001, 3.0000000E+001, 3.0000000E+001
 6.3120766E+001, 4.6495924E+001, 3.0000000E+001, 3.0000000E+001, 3.0000000E+001, 3.0000000E+001
 6.3203548E+001, 4.6473551E+001, 3.0000000E+001, 3.0000000E+001, 3.0000000E+001, 3.0000000E+001
 6.3369112E+001, 4.6439884E+001, 3.0000000E+001, 3.0000000E+001, 3.0000000E+001, 3.0000000E+001
 6.3451894E+001, 4.6410336E+001, 3.0000000E+001, 3.0000000E+001, 3.0000000E+001, 3.0000000E+001
 6.3534677E+001, 4.6391944E+001, 3.0000000E+001, 3.0000000E+001, 3.0000000E+001, 3.0000000E+001
 6.3617459E+001, 4.6374354E+001, 3.0000000E+001, 3.0000000E+001, 3.0000000E+001, 3.0000000E+001
 6.3763538E+001, 4.6349531E+001, 3.0000000E+001, 3.0000000E+001, 3.0000000E+001, 3.0000000E+001
 6.3826318E+001, 4.6325327E+001, 3.0000000E+001, 3.0000000E+001, 3.0000000E+001, 3.0000000E+001
 6.3951880E+001, 4.6306267E+001, 3.0000000E+001, 3.0000000E+001, 3.0000000E+001, 3.0000000E+001
 6.4014660E+001, 4.6294158E+001, 3.0000000E+001, 3.0000000E+001, 3.0000000E+001, 3.0000000E+001
 6.4140222E+001, 4.6290963E+001, 3.0000000E+001, 3.0000000E+001, 3.0000000E+001, 3.0000000E+001
 6.4209280E+001, 4.6294838E+001, 3.0000000E+001, 3.0000000E+001, 3.0000000E+001, 3.0000000E+001
 6.4361210E+001, 4.6309700E+001, 3.0000000E+001, 3.0000000E+001, 3.0000000E+001, 3.0000000E+001
 6.4429044E+001, 4.6329935E+001, 3.0000000E+001, 3.0000000E+001, 3.0000000E+001, 2.9719811E+001
 6.4564713E+001, 4.6356468E+001, 3.0000000E+001, 3.0000000E+001, 3.0000000E+001, 2.9201777E+001
 6.4632547E+001, 4.6386371E+001, 3.0000000E+001, 3.0000000E+001, 3.0000000E+001, 2.8730392E+001
 6.4700382E+001, 4.6407784E+001, 3.0000000E+001, 3.0000000E+001, 3.0000000E+001, 2.8447851E+001
 6.4836051E+001, 4.6444067E+001, 3.0000000E+001, 3.0000000E+001, 3.0000000E+001, 2.8061816E+001
 6.4903885E+001, 4.6489463E+001, 3.0000000E+001, 3.0000000E+001, 3.0000000E+001, 2.7715035E+001
 6.5039554E+001, 4.6549380E+001, 3.0000000E+001, 3.0000000E+001, 3.0000000E+001, 2.7443546E+001
 6.5107388E+001, 4.6619718E+001, 3.0000000E+001, 3.0000000E+001, 3.0000000E+001, 2.7220580E+001
 6.5243057E+001, 4.6703362E+001, 3.0000000E+001, 3.0000000E+001, 3.0000000E+001, 2.7061041E+001
 6.5310892E+001, 4.6795462E+001, 3.0000000E+001, 3.0000000E+001, 3.0000000E+001, 2.6946152E+001
 6.5446560E+001, 4.6895712E+001, 3.0000000E+001, 3.0000000E+001, 3.0000000E+001, 2.6863181E+001
 6.5514395E+001, 4.7001626E+001, 3.0000000E+001, 3.0000000E+001, 3.0000000E+001, 2.6785659E+001
 6.5650064E+001, 4.7116906E+001, 3.0000000E+001, 3.0000000E+001, 3.0000000E+001, 2.6707383E+001
 6.5717898E+001, 4.7242323E+001, 3.0000000E+001, 3.0000000E+001, 3.0000000E+001, 2.6629696E+001
 6.5853567E+001, 4.7379827E+001, 3.0000000E+001, 3.0000000E+001, 3.0000000E+001, 2.6550518E+001
 6.5921401E+001, 4.7525358E+001, 3.0000000E+001, 3.0000000E+001, 3.0000000E+001, 2.6466861E+001
 6.6057070E+001, 4.7680399E+001, 3.0000000E+001, 3.0000000E+001, 3.0000000E+001, 2.6370566E+001
 6.6124905E+001, 4.7840436E+001, 3.0000000E+001, 3.0000000E+001, 3.0000000E+001, 2.6257803E+001
 6.6260573E+001, 4.8003713E+001, 3.0000000E+001, 3.0000000E+001, 3.0000000E+001, 2.6120056E+001
 6.6328408E+001, 4.8168031E+001, 3.0000000E+001, 3.0000000E+001, 3.0000000E+001, 2.5956142E+001
 6.6464077E+001, 4.8331442E+001, 3.0000000E+001, 3.0000000E+001, 3.0000000E+001, 2.5762185E+001
 6.6531911E+001, 4.8493506E+001, 3.0000000E+001, 3.0000000E+001, 3.0000000E+001, 2.5563808E+001
 6.6667580E+001, 4.8652279E+001, 3.0000000E+001, 3.0000000E+001, 3.0000000E+001, 2.5382456E+001
 6.6735414E+001, 4.8807543E+001, 3.0000000E+001, 3.0000000E+001, 3.0000000E+001, 2.5209935E+001
 6.6803249E+001, 4.8905911E+001, 3.0000000E+001, 3.0000000E+001, 3.0000000E+001, 2.5098680E+001
 6.6938918E+001, 4.9039805E+001, 3.0000000E+001, 3.0000000E+001, 3.0000000E+001, 2.4939674E+001
 6.7006752E+001, 4.9159873E+001, 3.0000000E+001, 3.0000000E+001, 3.0000000E+001, 2.4786079E+001
 6.7142421E+001, 4.9266962E+001, 3.0000000E+001, 3.0000000E+001, 3.0000000E+001, 2.4635454E+001
 6.7210255E+001, 4.9368896E+001, 3.0000000E+001, 3.0000000E+001, 3.0000000E+001, 2.4483902E+001
 6.7345924E+001, 4.9467124E+001, 3.0000000E+001, 3.0000000E+001, 3.0000000E+001, 2.4328385E+001
 6.7413759E+001, 4.9563006E+001, 3.0000000E+001, 3.0000000E+001, 3.0000000E+001, 2.4171168E+001
 6.7549428E+001, 4.9654793E+001, 3.0000000E+001, 3.0000000E+001, 3.0000000E+001, 2.4013072E+001
 6.7617262E+001, 4.9742373E+001, 3.0000000E+001, 3.0000000E+001, 3.0000000E+001, 2.3856561E+001
 6.7752931E+001, 4.9823635E+001, 3.0000000E+001, 3.0000000E+001, 3.0000000E+001, 2.3702525E+001
 6.7820765E+001, 4.9900940E+001, 3.0000000E+001, 3.0000000E+001, 3.0000000E+001, 2.3555679E+001
 6.7956434E+001, 4.9980820E+001, 3.0000000E+001, 3.0000000E+001, 3.0000000E+001, 2.3420668E+001
 6.8024268E+001, 5.0063208E+001, 3.0000000E+001, 3.0000000E+001, 3.0000000E+001, 2.3293264E+001
 6.8159937E+001, 5.0151714E+001, 3.0000000E+001, 3.0000000E+001, 3.0000000E+001, 2.3173488E+001
 6.8227772E+001, 5.0246324E+001, 3.0000000E+001, 3.0000000E+001, 3.0000000E+001, 2.3058984E+001
 6.8363441E+001, 5.0342779E+001, 3.0000000E+001, 3.0000000E+001, 2.9911611E+001, 2.2950575E+001
 6.8431275E+001, 5.0437534E+001, 3.0000000E+001, 3.0000000E+001, 2.9628967E+001, 2.2847440E+001
 6.8566944E+001, 5.0525997E+001, 3.0000000E+001, 3.0000000E+001, 2.9333537E+001, 2.2753381E+001
 6.8634778E+001, 5.0604021E+001, 3.0000000E+001, 3.0000000E+001, 2.9036446E+001, 2.2668315E+001
 6.8702613E+001, 5.0648348E+001, 3.0000000E+001, 3.0000000E+001, 2.8838899E+001, 2.2617538E+001
 6.8838282E+001, 5.0700895E+001, 3.0000000E+001, 3.0000000E+001, 2.8545136E+001, 2.2560884E+001
 6.8906116E+001, 5.0740302E+001, 3.0000000E+001, 3.0000000E+001, 2.8253761E+001, 2.2520210E+001
 6.9041785E+001, 5.0759581E+001, 3.0000000E+001, 3.0000000E+001, 2.7970923E+001, 2.2489391E+001
 6.9109619E+001, 5.0761724E+001, 3.0000000E+001, 3.0000000E+001, 2.7696956E+001, 2.2453499E+001
 6.9245288E+001, 5.0744743E+001, 3.0000000E+001, 3.0000000E+001, 2.7432024E+001, 2.2409127E+001
 6.9313123E+001, 5.0715904E+001, 3.0000000E+001, 3.0000000E+001, 2.7173752E+001, 2.2393296E+001
 6.9448791E+001, 5.0679522E+001, 3.0000000E+001, 3.0000000E+001, 2.6928815E+001, 2.2369108E+001
 6.9516626E+001, 5.0639865E+001, 3.0000000E+001, 3.0000000E+001, 2.6697873E+001, 2.2322630E+001
 6.9652295E+001, 5.0597843E+001, 3.0000000E+001, 3.0000000E+001, 2.6484866E+001, 2.2256680E+001
 6.9720129E+001, 5.0556527E+001, 3.0000000E+001, 3.0000000E+001, 2.6286602E+001, 2.2179785E+001
 6.9855798E+001, 5.0520362E+001, 3.0000000E+001, 3.0000000E+001, 2.6108583E+001, 2.2092714E+001
 6.9923632E+001, 5.0491680E+001, 3.0000000E+001, 3.0000000E+001, 2.5949521E+001, 2.1998315E+001
 7.0059301E+001, 5.0476843E+001, 3.0000000E+001, 3.0000000E+001, 2.5817611E+001, 2.1900602E+001
 7.0127136E+001, 5.0479155E+001, 3.0000000E+001, 3.0000000E+001, 2.5706235E+001, 2.1803202E+001
 7.0262804E+001, 5.0508510E+001, 3.0000000E+001, 3.0000000E+001, 2.5614185E+001, 2.1704703E+001
 7.0330639E+001, 5.0562114E+001, 3.0000000E+001, 3.0000000E+001, 2.5535592E+001, 2.1605007E+001
 7.0466308E+001, 5.0648335E+001, 3.0000000E+001, 3.0000000E+001, 2.5479564E+001, 2.1502846E+001
 7.0534142E+001, 5.0756405E+001, 3.0000000E+001, 3.0000000E+001, 2.5456345E+001, 2.1398049E+001
 7.0601977E+001, 5.0839053E+001, 3.0000000E+001, 3.0000000E+001, 2.5469909E+001, 2.1326091E+001
 7.0737645E+001, 5.0978644E+001, 3.0000000E+001, 3.0000000E+001, 2.5533705E+001, 2.1214557E+001
 7.0805480E+001, 5.1135115E+001, 3.0000000E+001, 3.0000000E+001, 2.5629830E+001, 2.1097403E+001
 7.0941149E+001, 5.1318152E+001, 3.0000000E+001, 3.0000000E+001, 2.5734461E+001, 2.0970814E+001
 7.1001923E+001, 5.1509968E+001, 3.0000000E+001, 3.0000000E+001, 2.5843351E+001, 2.0845676E+001
 7.1123471E+001, 5.1720195E+001, 3.0000000E+001, 3.0000000E+001, 2.5959076E+001, 2.0715162E+001
 7.1245019E+001, 5.2040966E+001, 3.0000000E+001, 3.0000000E+001, 2.6096904E+001, 2.0524845E+001
 7.1305793E+001, 5.2314244E+001, 3.0000000E+001, 3.0000000E+001, 2.6171304E+001, 2.0373873E+001
 7.1427341E+001, 5.2616668E+001, 3.0000000E+001, 3.0000000E+001, 2.6217210E+001, 2.0211738E+001
 7.1548889E+001, 5.3038790E+001, 3.0000000E+001, 3.0000000E+001, 2.6245708E+001, 1.9976741E+001
 7.1609663E+001, 5.3351167E+001, 3.0000000E+001, 3.0000000E+001, 2.6244465E+001, 1.9786704E+001
 7.1731211E+001, 5.3651330E+001, 3.0000000E+001, 3.0000000E+001, 2.6214889E+001, 1.9606662E+001
 7.1852759E+001, 5.4032523E+001, 3.0000000E+001, 3.0000000E+001, 2.6101075E+001, 1.9390030E+001
 7.1913533E+001, 5.4309606E+001, 3.0000000E+001, 3.0000000E+001, 2.5967892E+001, 1.9238842E+001
 7.2035081E+001, 5.4591661E+001, 3.0000000E+001, 3.0000000E+001, 2.5809509E+001, 1.9095889E+001
 7.2101933E+001, 5.4902150E+001, 3.0000000E+001, 3.0000000E+001, 2.5639643E+001, 1.8951158E+001
 7.2235636E+001, 5.5232118E+001, 3.0000000E+001, 3.0000000E+001, 2.5481565E+001, 1.8815327E+001
 7.2302487E+001, 5.5568080E+001, 3.0000000E+001, 3.0000000E+001, 2.5337844E+001, 1.8692969E+001
 7.2449560E+001, 5.5948473E+001, 3.0000000E+001, 3.0000000E+001, 2.5180054E+001, 1.8581563E+001
 7.2523097E+001, 5.6328496E+001, 3.0000000E+001, 3.0000000E+001, 2.5027912E+001, 1.8490149E+001
 7.2670170E+001, 5.6687362E+001, 3.0000000E+001, 3.0000000E+001, 2.4900953E+001, 1.8420595E+001
 7.2743707E+001, 5.7021328E+001, 3.0000000E+001, 3.0000000E+001, 2.4806381E+001, 1.8367157E+001
 7.2817243E+001, 5.7229058E+001, 3.0000000E+001, 3.0000000E+001, 2.4768205E+001, 1.8342646E+001
 7.2964316E+001, 5.7519562E+001, 3.0000000E+001, 3.0000000E+001, 2.4741931E+001, 1.8325725E+001
 7.3037853E+001, 5.7787623E+001, 3.0000000E+001, 3.0000000E+001, 2.4736808E+001, 1.8329760E+001
 7.3111390E+001, 5.7951585E+001, 3.0000000E+001, 3.0000000E+001, 2.4739895E+001, 1.8345393E+001
 7.3250455E+001, 5.8162480E+001, 3.0000000E+001, 3.0000000E+001, 2.4738613E+001, 1.8380416E+001
 7.3315983E+001, 5.8345563E+001, 3.0000000E+001, 3.0000000E+001, 2.4733755E+001, 1.8421808E+001
 7.3440000E+001, 5.8499198E+001, 3.0000000E+001, 3.0000000E+001, 2.4729155E+001, 1.8465556E+001
 7.3556976E+001, 5.8675004E+001, 3.0000000E+001, 3.0000000E+001, 2.4719516E+001, 1.8522161E+001
 7.3615464E+001, 5.8786500E+001, 3.0000000E+001, 3.0000000E+001, 2.4713773E+001, 1.8563569E+001
 7.3732440E+001, 5.8876874E+001, 3.0000000E+001, 3.0000000E+001, 2.4710799E+001, 1.8606829E+001
 7.3849416E+001, 5.8972260E+001, 3.0000000E+001, 3.0000000E+001, 2.4705420E+001, 1.8666241E+001
 7.3907904E+001, 5.9028930E+001, 3.0000000E+001, 3.0000000E+001, 2.4698967E+001, 1.8710297E+001
 7.4024881E+001, 5.9070287E+001, 3.0000000E+001, 3.0000000E+001, 2.4687322E+001, 1.8751835E+001
 7.4141857E+001, 5.9103251E+001, 3.0000000E+001, 3.0000000E+001, 2.4661372E+001, 1.8800338E+001
 7.4200345E+001, 5.9110732E+001, 3.0000000E+001, 3.0000000E+001, 2.4632485E+001, 1.8828285E+001
 7.4317321E+001, 5.9100440E+001, 3.0000000E+001, 3.0000000E+001, 2.4592775E+001, 1.8845871E+001
 7.4434297E+001, 5.9061352E+001, 3.0000000E+001, 3.0000000E+001, 2.4525674E+001, 1.8855517E+001
 7.4539191E+001, 5.8998109E+001, 3.0000000E+001, 3.0000000E+001, 2.4450172E+001, 1.8848659E+001
 7.4644085E+001, 5.8911673E+001, 3.0000000E+001, 3.0000000E+001, 2.4358974E+001, 1.8829370E+001
 7.4748979E+001, 5.8800642E+001, 3.0000000E+001, 3.0000000E+001, 2.4251633E+001, 1.8804102E+001
 7.4806671E+001, 5.8694552E+001, 3.0000000E+001, 3.0000000E+001, 2.4157055E+001, 1.8781827E+001
 7.4922054E+001, 5.8566220E+001, 3.0000000E+001, 3.0000000E+001, 2.4051339E+001, 1.8755779E+001
 7.5048975E+001, 5.8353288E+001, 3.0000000E+001, 3.0000000E+001, 2.3886399E+001, 1.8713755E+001
 7.5112436E+001, 5.8167281E+001, 3.0000000E+001, 3.0000000E+001, 2.3749138E+001, 1.8677862E+001
 7.5239358E+001, 5.7958541E+001, 3.0000000E+001, 3.0000000E+001, 2.3606404E+001, 1.8640871E+001
 7.5302819E+001, 5.7733806E+001, 3.0000000E+001, 3.0000000E+001, 2.3461523E+001, 1.8603596E+001
 7.5415863E+001, 5.7517757E+001, 3.0000000E+001, 3.0000000E+001, 2.3332282E+001, 1.8569473E+001
 7.5528907E+001, 5.7212027E+001, 3.0000000E+001, 3.0000000E+001, 2.3155628E+001, 1.8523400E+001
 7.5641951E+001, 5.6881022E+001, 3.0000000E+001, 3.0000000E+001, 2.2974383E+001, 1.8484892E+001
 7.5704125E+001, 5.6594746E+001, 3.0000000E+001, 3.0000000E+001, 2.2827644E+001, 1.8461258E+001
 7.5828473E+001, 5.6276781E+001, 3.0000000E+001, 3.0000000E+001, 2.2675416E+001, 1.8437259E+001
 7.5952822E+001, 5.5822410E+001, 3.0000000E+001, 3.0000000E+001, 2.2476194E+001, 1.8407048E+001
 7.6014996E+001, 5.5462841E+001, 3.0000000E+001, 3.0000000E+001, 2.2331830E+001, 1.8377615E+001
 7.6139344E+001, 5.5097930E+001, 3.0000000E+001, 3.0000000E+001, 2.2189942E+001, 1.8328277E+001
 7.6201518E+001, 5.4734964E+001, 3.0000000E+001, 3.0000000E+001, 2.2047822E+001, 1.8262112E+001
 7.6325867E+001, 5.4379637E+001, 3.0000000E+001, 3.0000000E+001, 2.1903566E+001, 1.8174135E+001
 7.6462650E+001, 5.3889744E+001, 3.0000000E+001, 3.0000000E+001, 2.1692454E+001, 1.8014277E+001
 7.6531042E+001, 5.3530739E+001, 3.0000000E+001, 3.0000000E+001, 2.1528121E+001, 1.7860833E+001
 7.6667825E+001, 5.3192762E+001, 3.0000000E+001, 3.0000000E+001, 2.1361202E+001, 1.7683066E+001
 7.6736216E+001, 5.2876210E+001, 3.0000000E+001, 3.0000000E+001, 2.1192995E+001, 1.7500192E+001
 7.6804608E+001, 5.2680961E+001, 3.0000000E+001, 3.0000000E+001, 2.1080943E+001, 1.7377353E+001
 7.6934054E+001, 5.2427497E+001, 3.0000000E+001, 3.0000000E+001, 2.0922456E+001, 1.7205985E+001
 7.7056162E+001, 5.2145966E+001, 3.0000000E+001, 3.0000000E+001, 2.0721271E+001, 1.6996897E+001
 7.7117217E+001, 5.1966591E+001, 3.0000000E+001, 3.0000000E+001, 2.0573863E+001, 1.6847970E+001
 7.7239325E+001, 5.1819671E+001, 3.0000000E+001, 3.0000000E+001, 2.0427989E+001, 1.6703327E+001
 7.7306485E+001, 5.1695045E+001, 3.0000000E+001, 3.0000000E+001, 2.0274009E+001, 1.6550804E+001
 7.7440804E+001, 5.1598690E+001, 3.0000000E+001, 3.0000000E+001, 2.0117712E+001, 1.6391097E+001
 7.7507964E+001, 5.1521985E+001, 3.0000000E+001, 3.0000000E+001, 1.9962674E+001, 1.6229471E+001
 7.7642283E+001, 5.1481377E+001, 3.0000000E+001, 3.0000000E+001, 1.9808848E+001, 1.6066218E+001
 7.7709443E+001, 5.1485427E+001, 3.0000000E+001, 3.0000000E+001, 1.9656860E+001, 1.5902964E+001
 7.7843763E+001, 5.1538266E+001, 3.0000000E+001, 3.0000000E+001, 1.9508223E+001, 1.5746109E+001
 7.7910922E+001, 5.1622696E+001, 3.0000000E+001, 3.0000000E+001, 1.9362846E+001, 1.5595362E+001
 7.8045242E+001, 5.1738461E+001, 3.0000000E+001, 3.0000000E+001, 1.9224378E+001, 1.5452463E+001
 7.8112401E+001, 5.1873366E+001, 3.0000000E+001, 3.0000000E+001, 1.9094296E+001, 1.5316539E+001
 7.8224639E+001, 5.2001805E+001, 3.0000000E+001, 3.0000000E+001, 1.8994491E+001, 1.5209464E+001
 7.8336877E+001, 5.2190789E+001, 3.0000000E+001, 3.0000000E+001, 1.8872753E+001, 1.5071625E+001
 7.8449114E+001, 5.2396953E+001, 3.0000000E+001, 3.0000000E+001, 1.8764339E+001, 1.4934203E+001
 7.8505233E+001, 5.2558655E+001, 3.0000000E+001, 3.0000000E+001, 1.8690789E+001, 1.4830540E+001
 7.8617471E+001, 5.2725192E+001, 3.0000000E+001, 3.0000000E+001, 1.8624774E+001, 1.4725866E+001
 7.8729709E+001, 5.2951434E+001, 3.0000000E+001, 3.0000000E+001, 1.8546488E+001, 1.4582988E+001
 7.8841946E+001, 5.3180310E+001, 3.0000000E+001, 3.0000000E+001, 1.8477529E+001, 1.4429115E+001
 7.8954184E+001, 5.3410167E+001, 3.0000000E+001, 3.0000000E+001, 1.8415840E+001, 1.4256481E+001
 7.9010303E+001, 5.3580706E+001, 3.0000000E+001, 3.0000000E+001, 1.8373410E+001, 1.4116452E+001
 7.9122540E+001, 5.3745951E+001, 3.0000000E+001, 3.0000000E+001, 1.8334550E+001, 1.3974084E+001
 7.9234778E+001, 5.3954621E+001, 3.0000000E+001, 3.0000000E+001, 1.8286630E+001, 1.3793612E+001
 7.9347016E+001, 5.4149432E+001, 3.0000000E+001, 3.0000000E+001, 1.8241740E+001, 1.3615686E+001
 7.9403135E+001, 5.4287896E+001, 3.0000000E+001, 3.0000000E+001, 1.8208840E+001, 1.3478017E+001
 7.9515372E+001, 5.4418580E+001, 3.0000000E+001, 3.0000000E+001, 1.8175610E+001, 1.3342474E+001
 7.9638834E+001, 5.4591093E+001, 3.0000000E+001, 3.0000000E+001, 1.8123920E+001, 1.3175297E+001
 7.9700564E+001, 5.4714304E+001, 3.0000000E+001, 3.0000000E+001, 1.8080114E+001, 1.3075273E+001
 7.9824026E+001, 5.4830737E+001, 3.0000000E+001, 3.0000000E+001, 1.8031224E+001, 1.2998484E+001
 7.9947487E+001, 5.4972866E+001, 3.0000000E+001, 3.0000000E+001, 1.7958680E+001, 1.2917797E+001
 8.0009218E+001, 5.5063594E+001, 3.0000000E+001, 3.0000000E+001, 1.7899047E+001, 1.2870198E+001
 8.0132679E+001, 5.5132358E+001, 3.0000000E+001, 3.0000000E+001, 1.7834363E+001, 1.2834308E+001
 8.0256141E+001, 5.5195494E+001, 3.0000000E+001, 3.0000000E+001, 1.7741065E+001, 1.2801272E+001
 8.0317871E+001, 5.5226107E+001, 3.0000000E+001, 3.0000000E+001, 1.7668496E+001, 1.2787414E+001
 8.0441333E+001, 5.5242460E+001, 3.0000000E+001, 3.0000000E+001, 1.7594677E+001, 1.2784403E+001
 8.0503064E+001, 5.5245473E+001, 3.0000000E+001, 3.0000000E+001, 1.7519823E+001, 1.2790099E+001
 8.0626525E+001, 5.5228757E+001, 3.0000000E+001, 3.0000000E+001, 1.7445559E+001, 1.2805963E+001
 8.0749986E+001, 5.5181555E+001, 3.0000000E+001, 3.0000000E+001, 1.7351587E+001, 1.2841319E+001
 8.0811717E+001, 5.5130508E+001, 3.0000000E+001, 3.0000000E+001, 1.7285586E+001, 1.2880026E+001
 8.0935179E+001, 5.5069455E+001, 3.0000000E+001, 3.0000000E+001, 1.7224208E+001, 1.2931845E+001
 8.1058640E+001, 5.4977375E+001, 3.0000000E+001, 3.0000000E+001, 1.7148296E+001, 1.3005693E+001
 8.1126544E+001, 5.4892836E+001, 3.0000000E+001, 3.0000000E+001, 1.7092622E+001, 1.3072709E+001
 8.1262351E+001, 5.4796890E+001, 3.0000000E+001, 3.0000000E+001, 1.7040645E+001, 1.3138465E+001
 8.1330255E+001, 5.4696414E+001, 3.0000000E+001, 3.0000000E+001, 1.6992791E+001, 1.3191130E+001
 8.1466063E+001, 5.4594364E+001, 3.0000000E+001, 3.0000000E+001, 1.6949740E+001, 1.3233339E+001
 8.1533967E+001, 5.4492222E+001, 3.0000000E+001, 3.0000000E+001, 1.6911666E+001, 1.3269430E+001
 8.1601870E+001, 5.4424563E+001, 3.0000000E+001, 3.0000000E+001, 1.6890498E+001, 1.3288359E+001
 8.1737678E+001, 5.4325051E+001, 3.0000000E+001, 3.0000000E+001, 1.6864135E+001, 1.3307577E+001
 8.1805582E+001, 5.4229905E+001, 3.0000000E+001, 3.0000000E+001, 1.6839058E+001, 1.3318691E+001
 8.1941389E+001, 5.4141955E+001, 3.0000000E+001, 3.0000000E+001, 1.6814927E+001, 1.3324490E+001
 8.2009293E+001, 5.4058233E+001, 3.0000000E+001, 3.0000000E+001, 1.6792901E+001, 1.3325996E+001
 8.2129328E+001, 5.3988758E+001, 3.0000000E+001, 3.0000000E+001, 1.6776912E+001, 1.3318969E+001
 8.2249363E+001, 5.3905802E+001, 3.0000000E+001, 3.0000000E+001, 1.6761365E+001, 1.3301526E+001
 8.2309381E+001, 5.3852891E+001, 3.0000000E+001, 3.0000000E+001, 1.6753919E+001, 1.3282655E+001
 8.2429416E+001, 5.3811861E+001, 3.0000000E+001, 3.0000000E+001, 1.6751159E+001, 1.3256362E+001
 8.2549451E+001, 5.3773400E+001, 3.0000000E+001, 3.0000000E+001, 1.6752140E+001, 1.3211838E+001
 8.2609469E+001, 5.3756934E+001, 3.0000000E+001, 3.0000000E+001, 1.6754067E+001, 1.3172948E+001
 8.2729504E+001, 5.3750667E+001, 3.0000000E+001, 3.0000000E+001, 1.6754734E+001, 1.3132646E+001
 8.2849539E+001, 5.3757114E+001, 3.0000000E+001, 3.0000000E+001, 1.6750750E+001, 1.3082392E+001
 8.2909557E+001, 5.3775227E+001, 3.0000000E+001, 3.0000000E+001, 1.6742164E+001, 1.3050919E+001
 8.3029592E+001, 5.3805408E+001, 3.0000000E+001, 3.0000000E+001, 1.6725616E+001, 1.3028701E+001
 8.3149627E+001, 5.3855645E+001, 3.0000000E+001, 3.0000000E+001, 1.6692425E+001, 1.3009427E+001
 8.3209644E+001, 5.3896837E+001, 3.0000000E+001, 3.0000000E+001, 1.6664208E+001, 1.3000331E+001
 8.3329680E+001, 5.3940265E+001, 3.0000000E+001, 3.0000000E+001, 1.6636410E+001, 1.2993738E+001
 8.3449715E+001, 5.4001420E+001, 3.0000000E+001, 3.0000000E+001, 1.6600110E+001, 1.2987666E+001
 8.3509732E+001, 5.4049626E+001, 3.0000000E+001, 3.0000000E+001, 1.6573377E+001, 1.2984892E+001
 8.3629767E+001, 5.4099893E+001, 3.0000000E+001, 3.0000000E+001, 1.6547396E+001, 1.2983050E+001
 8.3749803E+001, 5.4169835E+001, 3.0000000E+001, 3.0000000E+001, 1.6515736E+001, 1.2979820E+001
 8.3809820E+001, 5.4224951E+001, 3.0000000E+001, 3.0000000E+001, 1.6496399E+001, 1.2975727E+001
 8.3929855E+001, 5.4282878E+001, 3.0000000E+001, 3.0000000E+001, 1.6485310E+001, 1.2969046E+001
 8.4049890E+001, 5.4363702E+001, 3.0000000E+001, 3.0000000E+001, 1.6483340E+001, 1.2955528E+001
 8.4109908E+001, 5.4426486E+001, 3.0000000E+001, 3.0000000E+001, 1.6491093E+001, 1.2941643E+001
 8.4229943E+001, 5.4490719E+001, 3.0000000E+001, 3.0000000E+001, 1.6507041E+001, 1.2925695E+001
 8.4349978E+001, 5.4575847E+001, 3.0000000E+001, 3.0000000E+001, 1.6536683E+001, 1.2902169E+001
 8.4409996E+001, 5.4634692E+001, 3.0000000E+001, 3.0000000E+001, 1.6562424E+001, 1.2881557E+001
 8.4536033E+001, 5.4687645E+001, 3.0000000E+001, 3.0000000E+001, 1.6588386E+001, 1.2855251E+001
 8.4602052E+001, 5.4733437E+001, 3.0000000E+001, 3.0000000E+001, 1.6610916E+001, 1.2823064E+001
 8.4734091E+001, 5.4775866E+001, 3.0000000E+001, 3.0000000E+001, 1.6627428E+001, 1.2782737E+001
 8.4800110E+001, 5.4817576E+001, 3.0000000E+001, 3.0000000E+001, 1.6639412E+001, 1.2737127E+001
 8.4932149E+001, 5.4856629E+001, 3.0000000E+001, 3.0000000E+001, 1.6634340E+001, 1.2686772E+001
 8.5004770E+001, 5.4893966E+001, 3.0000000E+001, 3.0000000E+001, 1.6609354E+001, 1.2630816E+001
 8.5150012E+001, 5.4923150E+001, 3.0000000E+001, 3.0000000E+001, 1.6559829E+001, 1.2570402E+001
 8.5222634E+001, 5.4928397E+001, 3.0000000E+001, 3.0000000E+001, 1.6495982E+001, 1.2507877E+001
 8.5367876E+001, 5.4888156E+001, 3.0000000E+001, 3.0000000E+001, 1.6420533E+001, 1.2447286E+001
 8.5440498E+001, 5.4806932E+001, 3.0000000E+001, 3.0000000E+001, 1.6340138E+001, 1.2393191E+001
 8.5513119E+001, 5.4732551E+001, 3.0000000E+001, 3.0000000E+001, 1.6285538E+001, 1.2361074E+001
 8.5658361E+001, 5.4611259E+001, 3.0000000E+001, 3.0000000E+001, 1.6205419E+001, 1.2317315E+001
 8.5730983E+001, 5.4485271E+001, 3.0000000E+001, 3.0000000E+001, 1.6127152E+001, 1.2276928E+001
 8.5803604E+001, 5.4393525E+001, 3.0000000E+001, 3.0000000E+001, 1.6075214E+001, 1.2251720E+001
 8.5939800E+001, 5.4255437E+001, 3.0000000E+001, 3.0000000E+001, 1.6001634E+001, 1.2214762E+001
 8.6003374E+001, 5.4131698E+001, 3.0000000E+001, 3.0000000E+001, 1.5931103E+001, 1.2177206E+001
 8.6130523E+001, 5.4035573E+001, 3.0000000E+001, 3.0000000E+001, 1.5853856E+001, 1.2136160E+001
 8.6257672E+001, 5.3962038E+001, 3.0000000E+001, 3.0000000E+001, 1.5726006E+001, 1.2070772E+001
 8.6321246E+001, 5.3958734E+001, 3.0000000E+001, 3.0000000E+001, 1.5613699E+001, 1.2015937E+001
 8.6448395E+001, 5.4017476E+001, 3.0000000E+001, 3.0000000E+001, 1.5490900E+001, 1.1953634E+001
 8.6511969E+001, 5.4130594E+001, 3.0000000E+001, 3.0000000E+001, 1.5364101E+001, 1.1883649E+001
 8.6639118E+001, 5.4315274E+001, 3.0000000E+001, 3.0000000E+001, 1.5238385E+001, 1.1804604E+001
 8.6751247E+001, 5.4618382E+001, 3.0000000E+001, 3.0000000E+001, 1.5089898E+001, 1.1701362E+001
 8.6807312E+001, 5.4888697E+001, 3.0000000E+001, 3.0000000E+001, 1.4985621E+001, 1.1623472E+001
 8.6919441E+001, 5.5198462E+001, 3.0000000E+001, 3.0000000E+001, 1.4884636E+001, 1.1544300E+001
 8.7037177E+001, 5.5650945E+001, 3.0000000E+001, 3.0000000E+001, 1.4746669E+001, 1.1434584E+001
 8.7160519E+001, 5.6131549E+001, 3.0000000E+001, 3.0000000E+001, 1.4599267E+001, 1.1320851E+001
 8.7222189E+001, 5.6489575E+001, 3.0000000E+001, 3.0000000E+001, 1.4487791E+001, 1.1236190E+001
 8.7345531E+001, 5.6831199E+001, 3.0000000E+001, 3.0000000E+001, 1.4376613E+001, 1.1152808E+001
 8.7407202E+001, 5.7156187E+001, 3.0000000E+001, 3.0000000E+001, 1.4267531E+001, 1.1065910E+001
 8.7530544E+001, 5.7463781E+001, 3.0000000E+001, 3.0000000E+001, 1.4162353E+001, 1.0972025E+001
 8.7653886E+001, 5.7844160E+001, 3.0000000E+001, 3.0000000E+001, 1.4031967E+001, 1.0834562E+001
 8.7715557E+001, 5.8101973E+001, 3.0000000E+001, 3.0000000E+001, 1.3941242E+001, 1.0725552E+001
 8.7824740E+001, 5.8302255E+001, 3.0000000E+001, 3.0000000E+001, 1.3865258E+001, 1.0636735E+001
 8.7933923E+001, 5.8527428E+001, 3.0000000E+001, 3.0000000E+001, 1.3769534E+001, 1.0532051E+001
 8.8043106E+001, 5.8696148E+001, 3.0000000E+001, 3.0000000E+001, 1.3679925E+001, 1.0436838E+001
 8.8157748E+001, 5.8809766E+001, 3.0000000E+001, 3.0000000E+001, 1.3592222E+001, 1.0336256E+001
 8.8217799E+001, 5.8858314E+001, 3.0000000E+001, 3.0000000E+001, 1.3525366E+001, 1.0251495E+001
 8.8337900E+001, 5.8863668E+001, 3.0000000E+001, 3.0000000E+001, 1.3458166E+001, 1.0171757E+001
 8.8458001E+001, 5.8796818E+001, 3.0000000E+001, 3.0000000E+001, 1.3374019E+001, 1.0086257E+001
 8.8518051E+001, 5.8686678E+001, 3.0000000E+001, 3.0000000E+001, 1.3316593E+001, 1.0034051E+001
 8.8638153E+001, 5.8521850E+001, 3.0000000E+001, 3.0000000E+001, 1.3266018E+001, 9.9814812E+000
 8.8704208E+001, 5.8305380E+001, 3.0000000E+001, 3.0000000E+001, 1.3219222E+001, 9.9209588E+000
 8.8828000E+001, 5.8051273E+001, 3.0000000E+001, 3.0000000E+001, 1.3182994E+001, 9.8616691E+000
 8.8943472E+001, 5.7689950E+001, 3.0000000E+001, 3.0000000E+001, 1.3147217E+001, 9.7894808E+000
 8.9001207E+001, 5.7408896E+001, 3.0000000E+001, 3.0000000E+001, 1.3127856E+001, 9.7388997E+000
 8.9116679E+001, 5.7130867E+001, 3.0000000E+001, 3.0000000E+001, 1.3115135E+001, 9.6919168E+000
 8.9243698E+001, 5.6764922E+001, 3.0000000E+001, 3.0000000E+001, 1.3105325E+001, 9.6315280E+000
 8.9307208E+001, 5.6525750E+001, 3.0000000E+001, 3.0000000E+001, 1.3102627E+001, 9.5973480E+000
 8.9434226E+001, 5.6342329E+001, 3.0000000E+001, 3.0000000E+001, 1.3101804E+001, 9.5856997E+000
 8.9561245E+001, 5.6182748E+001, 3.0000000E+001, 3.0000000E+001, 1.3100711E+001, 9.5990260E+000
 8.9624755E+001, 5.6129671E+001, 3.0000000E+001, 3.0000000E+001, 1.3098268E+001, 9.6231291E+000
 8.9751774E+001, 5.6138621E+001, 3.0000000E+001, 3.0000000E+001, 1.3093791E+001, 9.6532397E+000
 8.9815283E+001, 5.6189519E+001, 3.0000000E+001, 3.0000000E+001, 1.3088270E+001, 9.6866712E+000
 8.9942302E+001, 5.6278362E+001, 3.0000000E+001, 3.0000000E+001, 1.3082415E+001, 9.7271632E+000
 9.0056067E+001, 5.6404840E+001, 3.0000000E+001, 3.0000000E+001, 1.3075661E+001, 9.7799892E+000
 9.0112949E+001, 5.6495505E+001, 3.0000000E+001, 3.0000000E+001, 1.3071259E+001, 9.8168887E+000
 9.0226714E+001, 5.6580861E+001, 3.0000000E+001, 3.0000000E+001, 1.3067632E+001, 9.8458108E+000
 9.0340479E+001, 5.6688459E+001, 3.0000000E+001, 3.0000000E+001, 1.3063613E+001, 9.8709596E+000
 9.0454244E+001, 5.6795621E+001, 3.0000000E+001, 3.0000000E+001, 1.3060429E+001, 9.8828901E+000
 9.0511126E+001, 5.6871190E+001, 3.0000000E+001, 3.0000000E+001, 1.3058777E+001, 9.8841795E+000
 9.0624891E+001, 5.6934428E+001, 3.0000000E+001, 3.0000000E+001, 1.3058227E+001, 9.8787489E+000
 9.0738656E+001, 5.7004112E+001, 3.0000000E+001, 3.0000000E+001, 1.3059675E+001, 9.8643025E+000
 9.0852421E+001, 5.7064578E+001, 3.0000000E+001, 3.0000000E+001, 1.3064349E+001, 9.8395134E+000
 9.0909303E+001, 5.7103443E+001, 3.0000000E+001, 3.0000000E+001, 1.3070252E+001, 9.8149262E+000
 9.1023068E+001, 5.7136345E+001, 3.0000000E+001, 3.0000000E+001, 1.3078851E+001, 9.7894688E+000
 9.1142521E+001, 5.7172754E+001, 3.0000000E+001, 3.0000000E+001, 1.3095039E+001, 9.7586798E+000
 9.1205092E+001, 5.7193827E+001, 3.0000000E+001, 3.0000000E+001, 1.3110954E+001, 9.7407884E+000
 9.1330233E+001, 5.7209255E+001, 3.0000000E+001, 3.0000000E+001, 1.3128825E+001, 9.7278638E+000
 9.1455374E+001, 5.7227143E+001, 3.0000000E+001, 3.0000000E+001, 1.3153049E+001, 9.7117194E+000
 9.1517945E+001, 5.7239720E+001, 3.0000000E+001, 3.0000000E+001, 1.3170543E+001, 9.7004771E+000
 9.1643086E+001, 5.7249588E+001, 3.0000000E+001, 3.0000000E+001, 1.3186466E+001, 9.6906848E+000
 9.1705657E+001, 5.7258305E+001, 3.0000000E+001, 3.0000000E+001, 1.3201436E+001, 9.6818451E+000
 9.1830798E+001, 5.7266204E+001, 3.0000000E+001, 3.0000000E+001, 1.3214843E+001, 9.6741848E+000
 9.1955940E+001, 5.7280412E+001, 3.0000000E+001, 3.0000000E+001, 1.3228808E+001, 9.6662303E+000
 9.2018510E+001, 5.7297184E+001, 3.0000000E+001, 3.0000000E+001, 1.3235324E+001, 9.6615229E+000
 9.2143652E+001, 5.7320651E+001, 3.0000000E+001, 3.0000000E+001, 1.3236842E+001, 9.6575050E+000
 9.2206222E+001, 5.7349520E+001, 3.0000000E+001, 3.0000000E+001, 1.3233176E+001, 9.6538544E+000
 9.2331363E+001, 5.7382694E+001, 3.0000000E+001, 3.0000000E+001, 1.3222328E+001, 9.6504289E+000
 9.2448283E+001, 5.7429063E+001, 3.0000000E+001, 3.0000000E+001, 1.3199570E+001, 9.6447831E+000
 9.2502631E+001, 5.7463676E+001, 3.0000000E+001, 3.0000000E+001, 1.3177710E+001, 9.6383934E+000
 9.2611329E+001, 5.7498569E+001, 3.0000000E+001, 3.0000000E+001, 1.3151469E+001, 9.6298973E+000
 9.2720026E+001, 5.7545629E+001, 3.0000000E+001, 3.0000000E+001, 1.3111099E+001, 9.6162552E+000
 9.2834158E+001, 5.7592821E+001, 3.0000000E+001, 3.0000000E+001, 1.3064222E+001, 9.6005004E+000
 9.2965682E+001, 5.7641706E+001, 3.0000000E+001, 3.0000000E+001, 1.3007713E+001, 9.5828411E+000
 9.3031443E+001, 5.7675820E+001, 3.0000000E+001, 3.0000000E+001, 1.2963028E+001, 9.5715199E+000
 9.3162967E+001, 5.7699676E+001, 3.0000000E+001, 3.0000000E+001, 1.2919591E+001, 9.5650262E+000
 9.3228729E+001, 5.7715416E+001, 3.0000000E+001, 3.0000000E+001, 1.2877023E+001, 9.5630954E+000
 9.3343853E+001, 5.7727683E+001, 3.0000000E+001, 3.0000000E+001, 1.2840193E+001, 9.5665662E+000
 9.3401415E+001, 5.7739959E+001, 3.0000000E+001, 3.0000000E+001, 1.2803389E+001, 9.5740059E+000
 9.3516539E+001, 5.7753339E+001, 3.0000000E+001, 3.0000000E+001, 1.2766502E+001, 9.5859185E+000
 9.3618636E+001, 5.7776314E+001, 3.0000000E+001, 3.0000000E+001, 1.2720647E+001, 9.6019532E+000
 9.3725838E+001, 5.7805158E+001, 3.0000000E+001, 3.0000000E+001, 1.2672895E+001, 9.6177144E+000
 9.3838144E+001, 5.7832788E+001, 3.0000000E+001, 3.0000000E+001, 1.2621888E+001, 9.6335718E+000
 9.3950451E+001, 5.7862115E+001, 3.0000000E+001, 3.0000000E+001, 1.2569069E+001, 9.6483651E+000
 9.4006604E+001, 5.7892574E+001, 3.0000000E+001, 3.0000000E+001, 1.2528472E+001, 9.6583042E+000
 9.4124526E+001, 5.7938159E+001, 3.0000000E+001, 3.0000000E+001, 1.2484461E+001, 9.6674598E+000
 9.4248063E+001, 5.8015741E+001, 3.0000000E+001, 3.0000000E+001, 1.2421590E+001, 9.6783631E+000
 9.4309831E+001, 5.8086017E+001, 3.0000000E+001, 3.0000000E+001, 1.2372157E+001, 9.6849879E+000
 9.4433368E+001, 5.8175275E+001, 3.0000000E+001, 3.0000000E+001, 1.2321143E+001, 9.6887483E+000
 9.4556905E+001, 5.8330206E+001, 3.0000000E+001, 3.0000000E+001, 1.2250972E+001, 9.6877199E+000
 9.4618674E+001, 5.8479240E+001, 3.0000000E+001, 3.0000000E+001, 1.2197136E+001, 9.6799631E+000
 9.4742211E+001, 5.8666673E+001, 3.0000000E+001, 3.0000000E+001, 1.2141977E+001, 9.6631992E+000
 9.4803979E+001, 5.8887451E+001, 3.0000000E+001, 3.0000000E+001, 1.2085791E+001, 9.6393254E+000
 9.4927516E+001, 5.9153940E+001, 3.0000000E+001, 3.0000000E+001, 1.2028576E+001, 9.6076172E+000
 9.5044382E+001, 5.9548940E+001, 3.0000000E+001, 3.0000000E+001, 1.1954249E+001, 9.5591190E+000
 9.5154575E+001, 5.9970998E+001, 3.0000000E+001, 3.0000000E+001, 1.1882501E+001, 9.5069681E+000
 9.5215181E+001, 6.0330762E+001, 3.0000000E+001, 3.0000000E+001, 1.1824195E+001, 9.4631917E+000
 9.5314993E+001, 6.0655700E+001, 3.0000000E+001, 3.0000000E+001, 1.1773386E+001, 9.4248586E+000
 9.5414805E+001, 6.1109455E+001, 3.0000000E+001, 3.0000000E+001, 1.1703018E+001, 9.3735085E+000
 9.5514617E+001, 6.1579833E+001, 2.9919943E+001, 3.0000000E+001, 1.1628719E+001, 9.3227222E+000
 9.5619419E+001, 6.2078698E+001, 2.9742041E+001, 3.0000000E+001, 1.1550241E+001, 9.2708073E+000
 9.5740192E+001, 6.2640159E+001, 2.9561322E+001, 3.0000000E+001, 1.1464019E+001, 9.2127916E+000
 9.5800578E+001, 6.3066900E+001, 2.9435168E+001, 3.0000000E+001, 1.1400710E+001, 9.1675682E+000
 9.5921350E+001, 6.3477172E+001, 2.9323900E+001, 3.0000000E+001, 1.1342784E+001, 9.1220307E+000
 9.6035192E+001, 6.3966026E+001, 2.9199921E+001, 3.0000000E+001, 1.1276515E+001, 9.0633244E+000
 9.6142103E+001, 6.4371877E+001, 2.9101938E+001, 3.0000000E+001, 1.1222248E+001, 9.0074196E+000
 9.6249015E+001, 6.4712835E+001, 2.9023206E+001, 3.0000000E+001, 1.1174439E+001, 8.9518370E+000
 9.6302471E+001, 6.4926111E+001, 2.8974840E+001, 3.0000000E+001, 1.1141527E+001, 8.9101906E+000
 9.6409382E+001, 6.5093251E+001, 2.8932865E+001, 3.0000000E+001, 1.1110824E+001, 8.8690683E+000
 9.6516293E+001, 6.5254038E+001, 2.8882748E+001, 3.0000000E+001, 1.1072198E+001, 8.8154114E+000
 9.6628550E+001, 6.5338618E+001, 2.8838016E+001, 3.0000000E+001, 1.1034919E+001, 8.7611102E+000
 9.6746153E+001, 6.5332280E+001, 2.8800529E+001, 3.0000000E+001, 1.0999273E+001, 8.7046237E+000
 9.6804954E+001, 6.5264345E+001, 2.8776758E+001, 3.0000000E+001, 1.0975228E+001, 8.6616250E+000
 9.6922557E+001, 6.5132745E+001, 2.8757510E+001, 3.0000000E+001, 1.0954530E+001, 8.6175549E+000
 9.7040160E+001, 6.4871343E+001, 2.8739193E+001, 3.0000000E+001, 1.0931062E+001, 8.5547021E+000
 9.7157762E+001, 6.4507561E+001, 2.8732441E+001, 3.0000000E+001, 1.0912642E+001, 8.4876921E+000
 9.7216563E+001, 6.4161102E+001, 2.8738377E+001, 3.0000000E+001, 1.0902146E+001, 8.4382615E+000
 9.7334166E+001, 6.3758072E+001, 2.8764101E+001, 3.0000000E+001, 1.0894726E+001, 8.3925998E+000
 9.7451769E+001, 6.3189797E+001, 2.8834547E+001, 3.0000000E+001, 1.0886720E+001, 8.3329020E+000
 9.7510570E+001, 6.2764766E+001, 2.8913231E+001, 3.0000000E+001, 1.0881834E+001, 8.2875716E+000
 9.7628173E+001, 6.2355318E+001, 2.9012562E+001, 3.0000000E+001, 1.0877690E+001, 8.2434676E+000
 9.7757535E+001, 6.1822132E+001, 2.9182349E+001, 3.0000000E+001, 1.0872637E+001, 8.1859552E+000
 9.7822217E+001, 6.1457538E+001, 2.9354008E+001, 3.0000000E+001, 1.0869694E+001, 8.1466507E+000
 9.7951580E+001, 6.1143349E+001, 2.9577484E+001, 3.0000000E+001, 1.0867307E+001, 8.1123098E+000
 9.8016261E+001, 6.0880230E+001, 2.9835994E+001, 3.0000000E+001, 1.0865156E+001, 8.0828730E+000
 9.8145624E+001, 6.0701020E+001, 3.0000000E+001, 3.0000000E+001, 1.0862960E+001, 8.0524225E+000
 9.8210305E+001, 6.0601184E+001, 3.0000000E+001, 3.0000000E+001, 1.0860692E+001, 8.0135552E+000
 9.8339668E+001, 6.0587921E+001, 3.0000000E+001, 3.0000000E+001, 1.0858096E+001, 7.9654666E+000
 9.8404350E+001, 6.0625471E+001, 3.0000000E+001, 3.0000000E+001, 1.0855171E+001, 7.9147585E+000
 9.8533712E+001, 6.0707962E+001, 3.0000000E+001, 3.0000000E+001, 1.0851452E+001, 7.8658314E+000
 9.8663075E+001, 6.0881068E+001, 3.0000000E+001, 3.0000000E+001, 1.0845244E+001, 7.8115325E+000
 9.8727757E+001, 6.1055154E+001, 3.0000000E+001, 3.0000000E+001, 1.0839718E+001, 7.7771382E+000
 9.8857120E+001, 6.1268658E+001, 3.0000000E+001, 3.0000000E+001, 1.0833432E+001, 7.7544942E+000
 9.8921801E+001, 6.1512690E+001, 3.0000000E+001, 3.0000000E+001, 1.0826525E+001, 7.7417723E+000
 9.9037791E+001, 6.1751868E+001, 3.0000000E+001, 3.0000000E+001, 1.0819437E+001, 7.7362898E+000
 9.9153781E+001, 6.2072376E+001, 3.0000000E+001, 3.0000000E+001, 1.0808602E+001, 7.7348124E+000
 9.9211776E+001, 6.2312002E+001, 3.0000000E+001, 3.0000000E+001, 1.0799413E+001, 7.7396440E+000
 9.9327766E+001, 6.2549773E+001, 3.0000000E+001, 3.0000000E+001, 1.0789064E+001, 7.7535658E+000
 9.9443756E+001, 6.2863159E+001, 3.0000000E+001, 3.0000000E+001, 1.0773753E+001, 7.7855649E+000
 9.9501751E+001, 6.3095819E+001, 3.0000000E+001, 3.0000000E+001, 1.0761565E+001, 7.8201891E+000
 9.9617740E+001, 6.3333552E+001, 3.0000000E+001, 3.0000000E+001, 1.0748809E+001, 7.8643877E+000
 9.9733730E+001, 6.3667076E+001, 3.0000000E+001, 3.0000000E+001, 1.0731150E+001, 7.9294263E+000
 9.9855520E+001, 6.4036514E+001, 3.0000000E+001, 3.0000000E+001, 1.0712068E+001, 7.9880367E+000
 9.9919314E+001, 6.4341741E+001, 3.0000000E+001, 3.0000000E+001, 1.0696146E+001, 8.0286231E+000
 1.0000000E+002, 6.4571087E+001, 3.0000000E+001, 3.0000000E+001, 1.0683890E+001, 8.0568012E+000
